w0;w1;w2;w3;w4;w5;w6;w7;w8;w9;w10;w11;w12;w13;w14;w15;w16;w17;w18;w19;w20;w21;w22;w23;w24;w25;next Value; value; time(ms);
-9.854448;2.4389153;-2.333226;0.53465164;-0.52315074;-1.3534356;0.024638796;0.27249014;-0.54726523;-1.4634881;2.3102803;-3.564957;-2.8147786;-2.9256668;-2.84025;-3.6721375;-2.2535586;-2.2111578;-2.9119258;-3.4484754;-3.2507586;-7.856307;-8.374912;-0.047947817;1.5860023;3.6743877;85267;55275;548460
-9.854448;2.4389153;-2.333226;0.53465164;-0.52315074;-1.3534356;0.024638796;0.27249014;-0.54726523;-1.29665;2.3102803;-3.564957;-2.8147786;-2.7588289;-2.84025;-3.6721375;-2.2535586;-2.3779957;-3.0787637;-3.4484754;-3.2507586;-7.856307;-8.374912;-0.047947817;1.5860023;3.6743877;73134;85267;855210
-10.021184;2.4389153;-2.333226;0.53465164;-0.52315074;-1.3534356;-0.14209688;0.27249014;-0.54726523;-1.4634881;2.3102803;-3.564957;-2.8147786;-2.9256668;-2.6735144;-3.6721375;-2.2535586;-2.3778934;-2.9119258;-3.4484754;-3.2507586;-7.856307;-8.374912;-0.047947817;1.5860023;3.6743877;70795;85267;1146599
-9.854448;2.4389153;-2.4998593;0.53465164;-0.52315074;-1.520069;0.024638796;0.27249014;-0.54726523;-1.6301215;2.3102803;-3.3983235;-2.8147786;-2.9256668;-2.84025;-3.6721375;-2.2535586;-2.2111578;-2.9119258;-3.4484754;-3.2507586;-7.856307;-8.374912;-0.047947817;1.5860023;3.6743877;76846;85267;1452286
-9.854448;2.4389153;-2.499757;0.53465164;-0.52315074;-1.3534356;0.19116989;0.27249014;-0.54726523;-1.4634881;2.3102803;-3.564957;-2.8147786;-2.7591357;-2.84025;-3.6721375;-2.2535586;-2.0446267;-2.9119258;-3.4484754;-3.2507586;-7.856307;-8.374912;-0.047947817;1.5860023;3.6743877;30896;85267;1490803
-9.854448;2.4389153;-2.333226;0.53465164;-0.52315074;-1.1870067;0.024638796;0.27249014;-0.54726523;-1.4634881;2.1438515;-3.564957;-2.8147786;-2.9256668;-2.84025;-3.6721375;-2.2535586;-2.2111578;-2.745497;-3.4484754;-3.0843298;-7.856307;-8.374912;-0.047947817;1.5860023;3.6743877;61404;85267;1715631
-9.854448;2.4389153;-2.333226;0.53465164;-0.52315074;-1.3534356;0.024638796;0.27249014;-0.3809385;-1.4634881;2.3102803;-3.564957;-2.8147786;-2.9256668;-2.84025;-3.6721375;-2.2535586;-2.5438113;-2.9119258;-3.4484754;-3.2507586;-7.856307;-8.374912;-0.21427456;1.5860023;3.6743877;55792;85267;1790833
-9.854448;2.4389153;-2.333226;0.53465164;-0.52315074;-1.0209864;0.024638796;0.27249014;-0.38104057;-1.4634881;2.3102803;-3.564957;-2.8147786;-2.9256668;-2.84025;-3.6721375;-2.2535586;-2.3773825;-2.9119258;-3.4484754;-3.2507586;-7.856307;-8.374912;-0.047947817;1.5860023;3.6743877;64811;85267;2045516
-9.854448;2.4389153;-2.333226;0.53465164;-0.52315074;-1.3534356;0.024638796;0.27249014;-0.54726523;-1.4634881;1.9780351;-3.564957;-2.8147786;-2.9256668;-2.84025;-3.6721375;-2.2535586;-2.2111578;-2.9119258;-3.4484754;-3.2507586;-8.022429;-8.374912;-0.21407042;1.5860023;3.6743877;62795;85267;2292007
-9.854448;2.4389153;-2.333226;0.53465164;-0.52315074;-1.3534356;0.024638796;0.43851078;-0.54726523;-1.4634881;2.3102803;-3.564957;-2.648758;-2.9256668;-3.0062706;-3.6721375;-2.2535586;-2.2111578;-2.9119258;-3.4484754;-3.2507586;-7.690286;-8.374912;-0.047947817;1.5860023;3.6743877;80987;85267;2620786
-9.854448;2.4389153;-2.333226;0.53465164;-0.35723203;-1.3534356;0.024638796;0.27249014;-0.54726523;-1.4634881;2.1443615;-3.564957;-2.6488597;-2.9256668;-2.84025;-3.6721375;-2.2535586;-2.3770766;-2.9119258;-3.4484754;-3.2507586;-7.856307;-8.374912;-0.047947817;1.5860023;3.6743877;56172;85267;2700599
-9.854448;2.4389153;-2.333226;0.7004685;-0.52315074;-1.3534356;0.024638796;0.10667329;-0.54726523;-1.4634881;2.3102803;-3.7307737;-2.8147786;-2.9256668;-2.84025;-3.6721375;-2.0877419;-2.2111578;-2.9119258;-3.4484754;-3.2507586;-7.856307;-8.374912;-0.047947817;1.5860023;3.6743877;101606;85267;3095021
-9.854448;2.4389153;-2.333226;0.7004685;-0.52315074;-1.3534356;0.024638796;0.10667329;-0.54726523;-1.4634881;2.3102803;-3.5650587;-2.8147786;-3.0913818;-2.84025;-3.6721375;-2.0877419;-2.2111578;-2.9119258;-3.4484754;-3.2507586;-7.856307;-8.374912;-0.047947817;1.5860023;3.6743877;47096;101606;3152991
-9.854448;2.6045287;-2.333226;0.7004685;-0.52315074;-1.3534356;0.024638796;0.10667329;-0.54726523;-1.4634881;2.3102803;-3.7307737;-2.980392;-2.9256668;-2.84025;-3.6721375;-2.0877419;-2.2111578;-2.9119258;-3.4484754;-3.2507586;-7.856307;-8.374912;-0.047947817;1.5860023;3.6743877;61014;101606;3385208
-9.854448;2.2734036;-2.333226;0.7004685;-0.52315074;-1.3534356;0.024638796;0.10667329;-0.54726523;-1.2979765;2.3102803;-3.7307737;-2.8147786;-2.9256668;-2.84025;-3.6721375;-2.0877419;-2.2111578;-2.7464142;-3.4484754;-3.2507586;-7.856307;-8.374912;-0.047947817;1.751514;3.6743877;35180;101606;3427431
-9.854448;2.4389153;-2.498636;0.7004685;-0.52315074;-1.3534356;0.024638796;0.10667329;-0.54726523;-1.4634881;2.4756904;-3.7307737;-2.8147786;-2.9256668;-2.67484;-3.6721375;-2.0877419;-2.2111578;-2.9119258;-3.4484754;-3.4161687;-7.856307;-8.374912;-0.047947817;1.5860023;3.6743877;67092;101606;3517850
-9.854448;2.4389153;-2.333226;0.7004685;-0.52315074;-1.3534356;0.024638796;0.10667329;-0.54726523;-1.4634881;2.4755888;-3.7307737;-2.8147786;-2.9256668;-2.6749415;-3.6721375;-2.0877419;-2.2111578;-2.9119258;-3.4484754;-3.4160671;-8.021615;-8.374912;-0.047947817;1.5860023;3.6743877;75180;101606;3611553
-9.854448;2.4389153;-2.333226;0.7004685;-0.52315074;-1.1882287;0.024638796;0.10667329;-0.54726523;-1.4634881;2.4754872;-3.7307737;-2.8147786;-2.76046;-2.84025;-3.5069306;-2.0877419;-2.2111578;-2.9119258;-3.4484754;-3.2507586;-7.856307;-8.374912;-0.047947817;1.5860023;3.6743877;56423;101606;3826098
-9.854448;2.4389153;-2.333226;0.7004685;-0.52315074;-1.1883303;0.024638796;0.10667329;-0.54726523;-1.4634881;2.3102803;-3.7307737;-2.8147786;-2.7605615;-3.0053554;-3.6721375;-2.0877419;-2.2111578;-2.9119258;-3.4484754;-3.2507586;-7.856307;-8.374912;-0.21305321;1.5860023;3.6743877;51518;101606;3898458
-9.854448;2.4389153;-2.333226;0.53546447;-0.52315074;-1.3534356;0.024638796;0.10667329;-0.54726523;-1.4634881;2.4752843;-3.7307737;-2.8147786;-2.9256668;-2.84025;-3.6721375;-2.0877419;-2.2111578;-2.9119258;-3.4484754;-3.2507586;-7.856307;-8.374912;0.11705617;1.5860023;3.8393917;61165;101606;3972350
-9.854448;2.4389153;-2.333226;0.7004685;-0.52315074;-1.3534356;0.024638796;0.27157593;-0.54726523;-1.4634881;2.3102803;-3.7307737;-2.8147786;-2.9256668;-2.5104446;-3.6721375;-2.0877419;-2.3760605;-2.9119258;-3.4484754;-3.2507586;-7.856307;-8.374912;-0.047947817;1.5860023;3.6743877;77687;101606;4264053
-9.854448;2.4389153;-2.333226;0.7004685;-0.52315074;-1.3534356;0.024638796;0.10667329;-0.54726523;-1.4634881;2.3102803;-3.7307737;-2.6499772;-2.9256668;-2.84025;-3.6721375;-1.9229405;-2.2111578;-2.9119258;-3.4484754;-3.2507586;-8.021109;-8.374912;-0.047947817;1.5860023;3.5095863;75646;101606;4361819
-9.689748;2.4389153;-2.333226;0.7004685;-0.68785083;-1.3534356;0.024638796;0.10667329;-0.54726523;-1.298788;2.3102803;-3.7307737;-2.8147786;-2.9256668;-2.84025;-3.6721375;-2.0877419;-2.2111578;-2.9119258;-3.6131754;-3.2507586;-7.856307;-8.374912;-0.047947817;1.5860023;3.6743877;25417;101606;4397429
-9.854448;2.4389153;-2.333226;0.7004685;-0.52315074;-1.3534356;0.024638796;0.2712722;-0.7118642;-1.4634881;2.3102803;-3.7307737;-2.8147786;-2.9256668;-2.84025;-3.6721375;-2.0877419;-2.2111578;-2.9119258;-3.4484754;-3.0861597;-7.856307;-8.374912;-0.047947817;1.4214034;3.6743877;66783;101606;4652584
-9.854448;2.4389153;-2.333226;0.7004685;-0.52315074;-1.3534356;-0.13985899;0.10667329;-0.54726523;-1.6279858;2.3102803;-3.7307737;-2.8147786;-2.9256668;-2.84025;-3.5076396;-2.0877419;-2.3756557;-2.9119258;-3.4484754;-3.2507586;-7.856307;-8.374912;-0.047947817;1.5860023;3.6743877;72683;101606;4748428
-9.854448;2.4389153;-2.333226;0.5360718;-0.52315074;-1.3534356;0.024638796;0.10667329;-0.54726523;-1.4634881;2.3102803;-3.7307737;-2.8147786;-2.9256668;-2.84025;-3.6721375;-2.0877419;-2.2111578;-2.9119258;-3.4484754;-3.2507586;-7.856307;-8.374912;0.1164489;1.5860023;3.6743877;28232;101606;4783274
-9.854448;2.4389153;-2.333226;0.7004685;-0.52315074;-1.3534356;0.024638796;0.10667329;-0.54726523;-1.4634881;2.3102803;-3.7307737;-2.8147786;-2.9256668;-3.0045457;-3.5078418;-2.0877419;-2.2111578;-2.9119258;-3.4484754;-3.2507586;-7.856307;-8.374912;-0.3765392;1.5860023;3.6743877;39496;101606;4836086
-9.690253;2.4389153;-2.1690311;0.7004685;-0.52315074;-1.3534356;0.024638796;0.10667329;-0.54726523;-1.4634881;2.3102803;-3.7307737;-2.8147786;-2.9256668;-3.0044448;-3.6721375;-2.0877419;-2.2111578;-2.9119258;-3.4484754;-3.2507586;-7.856307;-8.374912;-0.047947817;1.5860023;3.8385825;88564;101606;5182974
-10.018542;2.4389153;-2.333226;0.5363746;-0.52315074;-1.3534356;0.024638796;0.10667329;-0.7113591;-1.4634881;2.3102803;-3.7307737;-2.8147786;-2.9256668;-2.84025;-3.6721375;-2.0877419;-2.047064;-2.9119258;-3.4484754;-3.2507586;-7.856307;-8.374912;-0.047947817;1.5860023;3.6743877;31122;101606;5224911
-10.018441;2.4389153;-2.333226;0.7004685;-0.52315074;-1.3534356;0.18863179;0.10667329;-0.54726523;-1.4634881;2.3102803;-3.7307737;-2.8147786;-2.9256668;-2.84025;-3.6721375;-2.0877419;-2.2111578;-2.9119258;-3.4484754;-3.2507586;-7.856307;-8.374912;-0.047947817;1.5860023;3.6743877;92505;101606;5578824
-9.854448;2.4389153;-2.333226;0.7004685;-0.35925853;-1.3534356;0.024638796;0.2705655;-0.54726523;-1.4634881;2.3102803;-3.7307737;-2.8147786;-2.7617745;-2.84025;-3.6721375;-2.0877419;-2.2111578;-2.9119258;-3.4484754;-3.2507586;-7.856307;-8.374912;-0.047947817;1.7498945;3.6743877;34649;101606;5623506
-9.854448;2.4389153;-2.1694345;0.7004685;-0.52315074;-1.3534356;0.024638796;0.10667329;-0.54726523;-1.4634881;2.3102803;-3.7307737;-2.8147786;-2.7618754;-2.84025;-3.6721375;-2.0877419;-2.2111578;-2.9119258;-3.284684;-3.2507586;-7.856307;-8.374912;0.11584365;1.5860023;3.6743877;53286;101606;5689465
-9.854448;2.4389153;-2.333226;0.7004685;-0.52315074;-1.3534356;0.024638796;0.10667329;-0.54726523;-1.2997973;2.3102803;-3.7307737;-2.8147786;-2.9256668;-2.84025;-3.6721375;-2.0877419;-2.2111578;-3.0756166;-3.6121662;-3.2507586;-7.6926165;-8.374912;-0.047947817;1.5860023;3.6743877;44336;101606;5744366
-9.854448;2.4389153;-2.333226;0.7004685;-0.52315074;-1.3534356;0.024638796;0.10667329;-0.54726523;-1.2998979;2.3102803;-3.8943639;-2.8147786;-2.9256668;-2.84025;-3.6721375;-2.251332;-2.2111578;-2.9119258;-3.4484754;-3.2507586;-7.856307;-8.374912;-0.21153799;1.5860023;3.6743877;68688;101606;5830929
-9.854448;2.4389153;-2.333226;0.7004685;-0.52315074;-1.3534356;0.024638796;0.2701629;-0.54726523;-1.4634881;2.47377;-3.7307737;-2.9782681;-3.0891564;-2.84025;-3.6721375;-2.0877419;-2.2111578;-2.9119258;-3.4484754;-3.2507586;-7.856307;-8.374912;-0.047947817;1.5860023;3.6743877;37244;101606;5877913
-9.854448;2.4389153;-2.333226;0.7004685;-0.52315074;-1.3534356;0.024638796;0.10667329;-0.54726523;-1.6268772;2.3102803;-3.7307737;-2.8147786;-3.089056;-2.84025;-3.6721375;-2.0877419;-2.2111578;-2.7485366;-3.4484754;-3.2507586;-7.856307;-8.374912;-0.047947817;1.7493914;3.6743877;43703;101606;5930208
-10.017737;2.4389153;-2.333226;0.7004685;-0.52315074;-1.190147;-0.13864985;0.26996195;-0.54726523;-1.4634881;2.3102803;-3.7307737;-2.8147786;-2.9256668;-2.84025;-3.6721375;-2.0877419;-2.2111578;-2.9119258;-3.4484754;-3.2507586;-7.856307;-8.374912;-0.047947817;1.5860023;3.6743877;27912;101606;5963976
-9.854448;2.4389153;-2.333226;0.7004685;-0.52315074;-1.3534356;0.024638796;0.10667329;-0.54726523;-1.4634881;2.3102803;-3.893962;-2.8147786;-2.9256668;-2.84025;-3.6721375;-2.0877419;-2.2111578;-2.9119258;-3.4484754;-3.2507586;-7.6931186;-8.211724;-0.047947817;1.5860023;3.5111995;91108;101606;6343617
-9.854448;2.4389153;-2.333226;0.8635564;-0.52315074;-1.5165236;0.024638796;0.10667329;-0.54726523;-1.4634881;2.3102803;-3.7307737;-2.8147786;-2.9256668;-2.84025;-3.6721375;-2.0877419;-2.2111578;-2.9119258;-3.4484754;-3.2507586;-8.019395;-8.538;-0.047947817;1.5860023;3.6743877;64357;101606;6431710
-9.854448;2.4389153;-2.333226;0.7004685;-0.52315074;-1.5164232;0.024638796;0.10667329;-0.54726523;-1.4634881;2.3102803;-3.7307737;-2.8147786;-2.9256668;-2.84025;-3.6721375;-2.0877419;-2.04817;-2.9119258;-3.2854877;-3.2507586;-7.856307;-8.5379;-0.047947817;1.5860023;3.6743877;22920;101606;6458866
-9.691561;2.4389153;-2.333226;0.7004685;-0.52315074;-1.3534356;0.024638796;0.10667329;-0.54726523;-1.4634881;2.3102803;-3.7307737;-2.6518912;-2.7627795;-2.84025;-3.6721375;-2.0877419;-2.2111578;-2.9119258;-3.4484754;-3.0878713;-7.856307;-8.374912;-0.047947817;1.5860023;3.6743877;95483;101606;6819649
-9.854448;2.4389153;-2.1704388;0.7004685;-0.52315074;-1.1906484;-0.13814843;0.10667329;-0.54726523;-1.4634881;2.3102803;-3.7307737;-2.8147786;-2.9256668;-2.84025;-3.6721375;-2.0877419;-2.2111578;-2.9119258;-3.4484754;-3.2507586;-7.856307;-8.374912;-0.047947817;1.5860023;3.5116005;82508;101606;7165461
-9.854448;2.4389153;-2.333226;0.7004685;-0.36046365;-1.3534356;0.024638796;0.10667329;-0.54726523;-1.4634881;2.3102803;-3.7307737;-2.8147786;-2.9256668;-2.84025;-3.6721375;-1.9250548;-2.2111578;-2.7492387;-3.4484754;-3.2507586;-7.856307;-8.374912;-0.047947817;1.7486894;3.6743877;48802;101606;7232224
-9.854448;2.4389153;-2.1706388;0.7004685;-0.3605637;-1.1908486;0.024638796;0.10667329;-0.54726523;-1.4634881;2.3102803;-3.7307737;-2.8147786;-2.9256668;-2.84025;-3.6721375;-2.0877419;-2.2111578;-2.9119258;-3.4484754;-3.2507586;-7.856307;-8.374912;-0.047947817;1.5860023;3.5118005;77176;101606;7530349
-9.854448;2.4389153;-2.333226;0.7004685;-0.52315074;-1.3534356;0.024638796;0.10667329;-0.54726523;-1.4634881;2.3102803;-3.7307737;-2.8147786;-2.9256668;-2.84025;-3.6721375;-2.0877419;-2.3736448;-2.9119258;-3.2859883;-3.2507586;-7.856307;-8.374912;0.11453923;1.5860023;3.5119007;84572;101606;7842695
-9.854448;2.4389153;-2.333226;0.5380814;-0.52315074;-1.3534356;0.024638796;0.10667329;-0.54726523;-1.4634881;2.3102803;-3.7307737;-2.9771657;-2.9256668;-2.84025;-3.6721375;-2.0877419;-2.2111578;-2.9119258;-3.4484754;-3.2507586;-7.856307;-8.374912;-0.047947817;1.5860023;3.6743877;42885;101606;7897395
-9.854448;2.4389153;-2.333226;0.7004685;-0.52315074;-1.3534356;0.024638796;0.10667329;-0.7095524;-1.4634881;2.3102803;-3.7307737;-2.6524913;-2.9256668;-2.6779628;-3.6721375;-2.0877419;-2.2111578;-2.9119258;-3.4484754;-3.2507586;-7.856307;-8.537199;-0.047947817;1.5860023;3.6743877;33427;101606;7939085
-9.854448;2.4389153;-2.333226;0.7004685;-0.52315074;-1.3534356;0.024638796;0.10667329;-0.54726523;-1.4634881;2.3102803;-3.7307737;-2.976966;-2.9256668;-2.6780627;-3.6721375;-2.0877419;-2.2111578;-2.9119258;-3.286288;-3.2507586;-7.856307;-8.374912;-0.21013518;1.5860023;3.6743877;64695;101606;8205115
-9.854448;2.4389153;-2.333226;0.7004685;-0.52315074;-1.3534356;-0.13744879;0.10667329;-0.54726523;-1.4634881;2.1481926;-3.7307737;-2.8147786;-2.9256668;-2.84025;-3.6721375;-2.0877419;-2.2111578;-2.9119258;-3.4484754;-3.2507586;-8.018394;-8.374912;-0.047947817;1.5860023;3.5123;15440;101606;8225320
-9.854448;2.4389153;-2.333226;0.7004685;-0.52315074;-1.1914477;0.024638796;0.10667329;-0.54726523;-1.4634881;2.3102803;-3.7307737;-2.8147786;-2.9256668;-2.84025;-3.6721375;-2.0877419;-2.2111578;-2.9119258;-3.4484754;-3.0887709;-7.856307;-8.374912;0.11404004;1.7479903;3.6743877;69410;101606;8514645
-9.854448;2.4389153;-2.333226;0.7004685;-0.52315074;-1.3534356;0.024638796;0.10667329;-0.38537705;-1.4634881;2.3102803;-3.7307737;-2.8147786;-2.9256668;-2.84025;-3.6721375;-2.0877419;-2.2111578;-3.073814;-3.4484754;-3.2507586;-7.856307;-8.374912;-0.047947817;1.5860023;3.6743877;27785;101606;8547570
-9.854448;2.4389153;-2.333226;0.5386799;-0.52315074;-1.3534356;0.024638796;0.10667329;-0.7090538;-1.4634881;2.3102803;-3.7307737;-2.8147786;-2.9256668;-2.84025;-3.6721375;-2.0877419;-2.2111578;-2.9119258;-3.4484754;-3.2507586;-7.856307;-8.374912;-0.047947817;1.4242138;3.8361762;46633;101606;8605648
-9.854448;2.4389153;-2.171537;0.8621575;-0.52315074;-1.3534356;0.024638796;0.10667329;-0.54726523;-1.4634881;2.3102803;-3.7307737;-2.8147786;-2.9256668;-2.84025;-3.6721375;-2.0877419;-2.2111578;-3.0736148;-3.6101644;-3.2507586;-7.856307;-8.374912;-0.047947817;1.5860023;3.6743877;48385;101606;8667726
-9.854448;2.4389153;-2.4948156;0.7004685;-0.52315074;-1.3534356;0.024638796;0.10667329;-0.54726523;-1.4634881;2.3102803;-3.7307737;-2.8147786;-2.9256668;-2.84025;-3.8337271;-2.0877419;-2.0495682;-2.9119258;-3.4484754;-3.2507586;-7.856307;-8.536502;-0.047947817;1.5860023;3.6743877;50444;101606;8866851
-10.015939;2.4389153;-2.494716;0.7004685;-0.52315074;-1.3534356;0.024638796;0.10667329;-0.7087553;-1.4634881;2.3102803;-3.7307737;-2.8147786;-2.9256668;-2.84025;-3.6721375;-2.0877419;-2.3726478;-2.9119258;-3.4484754;-3.2507586;-7.856307;-8.374912;-0.047947817;1.5860023;3.6743877;35528;101606;8912099
-9.854448;2.4389153;-2.333226;0.86185914;-0.52315074;-1.3534356;0.024638796;-0.05471738;-0.54726523;-1.4634881;2.3102803;-3.7307737;-2.8147786;-3.0870576;-2.84025;-3.6721375;-2.0877419;-2.2111578;-2.9119258;-3.2870846;-3.2507586;-7.856307;-8.374912;-0.047947817;1.5860023;3.6743877;23731;101606;8948911
-9.854448;2.277624;-2.333226;0.7004685;-0.3618594;-1.3534356;0.024638796;0.10667329;-0.54726523;-1.4634881;2.148989;-3.7307737;-2.8147786;-2.9256668;-2.84025;-3.6721375;-2.0877419;-2.2111578;-2.9119258;-3.4484754;-3.2507586;-7.856307;-8.374912;-0.047947817;1.5860023;3.835679;54780;101606;9160348
-10.01564;2.4389153;-2.333226;0.7004685;-0.36195868;-1.1922436;0.024638796;0.10667329;-0.54726523;-1.4634881;2.3102803;-3.7307737;-2.8147786;-2.9256668;-2.84025;-3.6721375;-2.0877419;-2.2111578;-2.9119258;-3.4484754;-3.2507586;-7.856307;-8.374912;-0.047947817;1.4248103;3.6743877;60143;101606;9260334
-9.854448;2.4389153;-2.333226;0.8615613;-0.52315074;-1.3534356;0.024638796;0.10667329;-0.54726523;-1.4634881;2.1491876;-3.7307737;-2.8147786;-2.9256668;-2.84025;-3.6721375;-2.2488346;-2.2111578;-2.9119258;-3.4484754;-3.2507586;-7.856307;-8.374912;-0.047947817;1.4249095;3.6743877;65291;101606;9344442
-9.854448;2.4389153;-2.333226;0.7004685;-0.52315074;-1.3534356;-0.13635486;0.10667329;-0.54726523;-1.4634881;2.3102803;-3.7307737;-2.8147786;-2.9256668;-2.84025;-3.6721375;-2.0877419;-2.2111578;-2.9119258;-3.2874818;-3.2507586;-7.856307;-8.374912;-0.047947817;1.5860023;3.6743877;22028;101606;9371313
-9.854448;2.4389153;-2.333226;0.7004685;-0.52315074;-1.3534356;-0.13625576;0.10667329;-0.7081598;-1.4634881;2.3102803;-3.7307737;-2.8147786;-2.9256668;-3.0011446;-3.6721375;-2.0877419;-2.2111578;-3.0728204;-3.4484754;-3.2507586;-7.856307;-8.374912;-0.047947817;1.5860023;3.6743877;60917;101606;9460489
-9.854448;2.4389153;-2.333226;0.7004685;-0.52315074;-1.3534356;0.18543428;0.10667329;-0.54726523;-1.4634881;2.3102803;-3.7307737;-2.8147786;-2.7648714;-2.84025;-3.6721375;-1.9269464;-2.2111578;-2.9119258;-3.4484754;-3.2507586;-7.856307;-8.374912;-0.2087433;1.5860023;3.6743877;74238;101606;9552333
-9.854448;2.4389153;-2.333226;0.861165;-0.52315074;-1.3534356;0.024638796;0.10667329;-0.54726523;-1.4634881;2.3102803;-3.8914702;-2.8147786;-2.9256668;-2.84025;-3.6721375;-2.0877419;-2.0504613;-2.9119258;-3.4484754;-3.2507586;-7.856307;-8.214216;-0.047947817;1.5860023;3.6743877;59503;101606;9639471
-9.854448;2.4389153;-2.333226;0.7004685;-0.3625532;-1.3534356;0.024638796;0.10667329;-0.54726523;-1.4634881;2.3102803;-3.7307737;-2.8147786;-3.0862644;-2.84025;-3.6721375;-2.0877419;-2.532353;-2.9119258;-3.4484754;-3.2507586;-7.856307;-8.374912;-0.047947817;1.5860023;3.6743877;52960;101606;9708743
-9.854448;2.5994139;-2.333226;0.7004685;-0.52315074;-1.3534356;0.024638796;0.10667329;-0.54726523;-1.4634881;2.470779;-3.8912723;-2.8147786;-2.9256668;-2.84025;-3.6721375;-2.0877419;-2.2111578;-2.9119258;-3.608974;-3.2507586;-7.856307;-8.374912;-0.047947817;1.5860023;3.6743877;75380;101606;9805302
-9.854448;2.4389153;-2.333226;0.7004685;-0.68355054;-1.3534356;0.024638796;0.2670731;-0.707665;-1.4634881;2.3102803;-3.7307737;-2.8147786;-2.9256668;-2.84025;-3.8325374;-2.0877419;-2.2111578;-2.9119258;-3.4484754;-3.2507586;-7.856307;-8.374912;-0.047947817;1.5860023;3.6743877;76797;101606;10123163
-9.854448;2.4389153;-2.333226;0.7004685;-0.52315074;-1.5137367;-0.13566223;0.10667329;-0.54726523;-1.4634881;2.3102803;-3.7307737;-2.8147786;-3.0859678;-2.84025;-3.6721375;-2.0877419;-2.2111578;-2.9119258;-3.4484754;-3.4110596;-7.856307;-8.374912;-0.047947817;1.5860023;3.6743877;75430;101606;10411678
-9.854448;2.4389153;-2.333226;0.7004685;-0.52315074;-1.3534356;0.024638796;0.10667329;-0.54726523;-1.4634881;2.3102803;-3.7307737;-2.8147786;-2.9256668;-2.84025;-3.8323398;-2.0877419;-2.2111578;-2.9119258;-3.4484754;-3.410961;-7.856307;-8.374912;-0.047947817;1.7462046;3.5141854;32312;101606;10454073
-9.854448;2.4389153;-2.333226;0.7004685;-0.52315074;-1.193332;0.024638796;0.10667329;-0.54726523;-1.4634881;2.3102803;-3.7307737;-2.8147786;-2.9256668;-2.84025;-3.6721375;-2.0877419;-2.3712614;-2.9119258;-3.4484754;-3.2507586;-7.856307;-8.374912;-0.047947817;1.5860023;3.6743877;91945;101606;10827225
-9.854448;2.4389153;-2.333226;0.7004685;-0.52315074;-1.3534356;0.024638796;-0.053331725;-0.54726523;-1.4634881;2.3102803;-3.5707686;-2.8147786;-2.9256668;-3.000255;-3.6721375;-2.0877419;-2.2111578;-2.9119258;-3.6084805;-3.2507586;-7.856307;-8.374912;-0.047947817;1.5860023;3.6743877;67755;101606;11110728
-9.854448;2.4389153;-2.333226;0.7004685;-0.52315074;-1.3534356;0.024638796;0.10667329;-0.7071717;-1.4634881;2.150374;-3.7307737;-2.8147786;-2.9256668;-2.84025;-3.512231;-2.0877419;-2.2111578;-2.9119258;-3.4484754;-3.2507586;-7.856307;-8.374912;-0.047947817;1.4260958;3.6743877;50455;101606;11173803
-9.854448;2.4389153;-2.333226;0.7004685;-0.52315074;-1.3534356;0.024638796;-0.053134657;-0.54726523;-1.4634881;2.3102803;-3.7307737;-2.8147786;-2.9256668;-2.84025;-3.6721375;-2.0877419;-2.3709657;-2.9119258;-3.2886674;-3.2507586;-7.856307;-8.374912;-0.20775577;1.5860023;3.6743877;48888;101606;11364506
-9.854448;2.4389153;-2.333226;0.7004685;-0.52315074;-1.3534356;0.024638796;0.10667329;-0.54726523;-1.4634881;2.3102803;-3.7307737;-2.8147786;-2.7659574;-2.84025;-3.6721375;-2.0877419;-2.2111578;-2.9119258;-3.4484754;-3.0910492;-7.856307;-8.374912;-0.047947817;1.5860023;3.6743877;78757;101606;11683359
-9.854448;2.4389153;-2.333226;0.7004685;-0.52315074;-1.3534356;0.18424991;0.10667329;-0.54726523;-1.4634881;2.3102803;-3.7307737;-2.8147786;-2.7660556;-2.84025;-3.6721375;-1.9281307;-2.2111578;-2.9119258;-3.4484754;-3.2507586;-7.856307;-8.374912;0.11166329;1.5860023;3.6743877;46760;101606;11742799
-9.854448;2.4389153;-2.4927387;0.7004685;-0.6826635;-1.5129484;0.024638796;0.10667329;-0.54726523;-1.4634881;2.3102803;-3.7307737;-2.8147786;-2.9256668;-2.84025;-3.6721375;-2.0877419;-2.2111578;-2.9119258;-3.4484754;-3.4102714;-7.856307;-8.374912;-0.047947817;1.5860023;3.6743877;75481;101606;12034506
-10.013863;2.4389153;-2.333226;0.7004685;-0.52315074;-1.3534356;-0.13477568;0.10667329;-0.54726523;-1.4634881;2.3102803;-3.8901882;-2.8147786;-2.9256668;-2.84025;-3.6721375;-2.0877419;-2.2111578;-2.7525113;-3.4484754;-3.2507586;-7.856307;-8.374912;-0.047947817;1.5860023;3.6743877;69381;101606;12124869
-9.854448;2.4389153;-2.333226;0.54115224;-0.52315074;-1.3534356;0.024638796;0.10667329;-0.54726523;-1.4634881;2.3102803;-3.7307737;-2.8147786;-2.9256668;-2.84025;-3.6721375;-2.0877419;-2.2111578;-2.9119258;-3.4484754;-3.2507586;-7.696991;-8.534228;-0.047947817;1.5860023;3.5150714;90794;101606;12491911
-9.854448;2.4389153;-2.492444;0.7004685;-0.52315074;-1.3534356;0.024638796;0.10667329;-0.54726523;-1.4634881;2.3102803;-3.8899918;-2.8147786;-2.9256668;-2.84025;-3.6721375;-2.0877419;-2.2111578;-3.0711439;-3.2892573;-3.2507586;-7.856307;-8.374912;-0.047947817;1.5860023;3.6743877;57547;101606;12564404
-9.854448;2.4389153;-2.1741061;0.7004685;-0.52315074;-1.5125556;0.024638796;0.10667329;-0.54726523;-1.4634881;2.3102803;-3.7307737;-2.6556587;-2.9256668;-2.84025;-3.6721375;-2.2468617;-2.2111578;-2.9119258;-3.4484754;-3.2507586;-7.856307;-8.374912;-0.047947817;1.5860023;3.6743877;70730;101606;12850604
-9.854448;2.2798934;-2.333226;0.7004685;-0.52315074;-1.1944138;0.024638796;0.10667329;-0.70628715;-1.4634881;2.4693022;-3.7307737;-2.8147786;-2.9256668;-2.84025;-3.6721375;-2.0877419;-2.2111578;-2.9119258;-3.4484754;-3.2507586;-7.856307;-8.374912;-0.047947817;1.5860023;3.6743877;68232;101606;13142617
-9.854448;2.4389153;-2.333226;0.7004685;-0.52315074;-1.3534356;0.024638796;0.10667329;-0.54726523;-1.4634881;2.3102803;-3.7307737;-2.8147786;-2.9256668;-2.84025;-3.6721375;-2.0877419;-2.2111578;-2.753002;-3.6073992;-3.2507586;-7.856307;-8.374912;-0.047947817;1.5860023;3.6743877;70542;101606;13442909
-9.854448;2.2800894;-2.333226;0.54164255;-0.52315074;-1.3534356;0.024638796;0.10667329;-0.54726523;-1.3046622;2.3102803;-3.7307737;-2.8147786;-2.9256668;-2.6814241;-3.6721375;-2.0877419;-2.2111578;-2.9119258;-3.4484754;-3.2507586;-7.856307;-8.374912;-0.047947817;1.5860023;3.6743877;67063;101606;13717911
-9.854448;2.4389153;-2.333226;0.7004685;-0.68187875;-1.3534356;0.18336682;0.10667329;-0.54726523;-1.4634881;2.3102803;-3.7307737;-2.8147786;-2.9256668;-2.84025;-3.6721375;-2.0877419;-2.2111578;-2.9119258;-3.4484754;-3.0920305;-7.856307;-8.53364;-0.047947817;1.5860023;3.6743877;70302;101606;14006154
-9.854448;2.4389153;-2.333226;0.8590987;-0.52315074;-1.3534356;0.024638796;0.10667329;-0.54726523;-1.4634881;2.3102803;-3.7307737;-2.8147786;-2.9256668;-2.9988801;-3.6721375;-2.0877419;-2.369788;-2.9119258;-3.4484754;-3.0921285;-7.856307;-8.374912;-0.047947817;1.5860023;3.6743877;74690;101606;14351559
-9.695916;2.5974476;-2.333226;0.7004685;-0.52315074;-1.3534356;0.024638796;0.10667329;-0.54726523;-1.4634881;2.3102803;-3.7307737;-2.8147786;-2.9256668;-2.84025;-3.513605;-2.0877419;-2.3696902;-2.9119258;-3.4484754;-3.2507586;-7.856307;-8.374912;-0.047947817;1.5860023;3.6743877;44070;101606;14418989
-9.854448;2.59735;-2.333226;0.7004685;-0.52315074;-1.3534356;-0.13379586;0.10667329;-0.54726523;-1.4634881;2.3102803;-3.7307737;-2.8147786;-2.9256668;-2.84025;-3.6721375;-1.9293072;-2.2111578;-2.9119258;-3.4484754;-3.2507586;-7.856307;-8.533347;-0.047947817;1.5860023;3.6743877;29871;101606;14463633
-9.854448;2.4389153;-2.333226;0.7004685;-0.52315074;-1.3534356;0.024638796;0.10667329;-0.7056022;-1.4634881;2.3102803;-3.7307737;-2.8147786;-3.0840037;-2.998587;-3.6721375;-2.0877419;-2.2111578;-2.9119258;-3.4484754;-3.2507586;-7.856307;-8.216576;-0.047947817;1.5860023;3.6743877;64545;101606;14578663
-10.012688;2.4389153;-2.333226;0.7004685;-0.52315074;-1.3534356;0.024638796;0.10667329;-0.54726523;-1.4634881;2.152041;-3.7307737;-2.8147786;-2.9256668;-2.84025;-3.6721375;-2.0877419;-2.2111578;-2.7536864;-3.4484754;-3.2507586;-7.856307;-8.374912;-0.047947817;1.5860023;3.5161483;30880;101606;14629632
-9.854448;2.597057;-2.4913678;0.5423267;-0.52315074;-1.3534356;0.024638796;0.10667329;-0.54726523;-1.4634881;2.3102803;-3.7307737;-2.8147786;-2.9256668;-2.84025;-3.6721375;-2.0877419;-2.3692997;-2.9119258;-3.4484754;-3.2507586;-7.856307;-8.374912;-0.047947817;1.5860023;3.6743877;65092;101606;14939762
-9.854448;2.4389153;-2.333226;0.7004685;-0.52315074;-1.3534356;0.024638796;0.26471755;-0.54726523;-1.4634881;2.3102803;-3.7307737;-2.8147786;-2.9256668;-2.6822057;-3.6721375;-2.0877419;-2.2111578;-2.9119258;-3.4484754;-3.408803;-7.856307;-8.374912;-0.047947817;1.7440466;3.6743877;71636;101606;15053604
-9.854448;2.4389153;-2.333226;0.8584153;-0.52315074;-1.3534356;0.024638796;0.10667329;-0.54726523;-1.4634881;2.3102803;-3.7307737;-2.8147786;-2.9256668;-2.84025;-3.6721375;-2.0877419;-2.2111578;-2.9119258;-3.4484754;-3.2507586;-7.856307;-8.374912;-0.20589462;1.5860023;3.6743877;73705;101606;15411710
-9.854448;2.4389153;-2.333226;0.7004685;-0.52315074;-1.3534356;0.024638796;0.2645227;-0.54726523;-1.4634881;2.3102803;-3.5729244;-2.8147786;-2.9256668;-2.84025;-3.6721375;-2.0877419;-2.369007;-2.9119258;-3.4484754;-3.2507586;-7.856307;-8.374912;-0.047947817;1.5860023;3.5165384;65386;101606;15719038
-9.854448;2.5966673;-2.333226;0.7004685;-0.52315074;-1.3534356;0.024638796;0.10667329;-0.54726523;-1.4634881;2.1525283;-3.5730217;-2.8147786;-2.9256668;-2.84025;-3.6721375;-2.0877419;-2.2111578;-2.9119258;-3.4484754;-3.2507586;-7.856307;-8.374912;-0.047947817;1.5860023;3.8321397;76115;101606;15837203
-9.696794;2.4389153;-2.1755712;0.7004685;-0.6808055;-1.3534356;0.024638796;0.10667329;-0.54726523;-1.4634881;2.3102803;-3.7307737;-2.9724333;-2.9256668;-2.84025;-3.6721375;-2.0877419;-2.2111578;-2.9119258;-3.4484754;-3.2507586;-7.856307;-8.374912;-0.047947817;1.5860023;3.6743877;47242;101606;15902906
-9.854448;2.4389153;-2.333226;0.7004685;-0.52315074;-1.3534356;0.024638796;0.10667329;-0.54726523;-1.3059306;2.3102803;-3.7307737;-2.657221;-2.9256668;-2.84025;-3.6721375;-2.0877419;-2.2111578;-2.9119258;-3.4484754;-3.2507586;-8.0138645;-8.374912;0.109609686;1.5860023;3.6743877;45982;101606;15969710
-9.854448;2.4389153;-2.333226;0.7004685;-0.52315074;-1.3534356;0.024638796;0.10667329;-0.54726523;-1.4634881;2.3102803;-3.7307737;-2.9722388;-2.9256668;-2.84025;-3.6721375;-2.0877419;-2.2111578;-2.9119258;-3.4484754;-3.2507586;-7.856307;-8.374912;-0.047947817;1.7434627;3.6743877;75934;101606;16285018
-9.854448;2.4389153;-2.333226;0.7004685;-0.52315074;-1.3534356;0.024638796;0.10667329;-0.54726523;-1.4634881;2.3102803;-3.7307737;-2.6574154;-3.08303;-2.84025;-3.8295007;-2.0877419;-2.2111578;-2.9119258;-3.4484754;-3.2507586;-7.856307;-8.374912;-0.047947817;1.4286392;3.6743877;74837;101606;16600832
-9.854448;2.4389153;-2.333226;0.85773456;-0.52315074;-1.3534356;0.1819049;0.10667329;-0.54726523;-1.6207542;2.3102803;-3.7307737;-2.8147786;-2.9256668;-2.84025;-3.6721375;-2.0877419;-2.2111578;-2.9119258;-3.6057415;-3.2507586;-7.856307;-8.374912;-0.047947817;1.5860023;3.6743877;42495;101606;16680050
-9.854448;2.4389153;-2.333226;0.7004685;-0.52315074;-1.3534356;0.024638796;0.10667329;-0.54726523;-1.4634881;2.3102803;-3.7307737;-2.8147786;-3.082836;-2.84025;-3.6721375;-2.0877419;-2.368327;-3.069095;-3.6056445;-3.2507586;-7.856307;-8.374912;-0.047947817;1.5860023;3.6743877;72658;101606;17016398
-9.854448;2.4389153;-2.333226;0.7004685;-0.52315074;-1.3534356;0.1817109;0.10667329;-0.54726523;-1.4634881;2.3102803;-3.7307737;-2.8147786;-2.9256668;-2.683178;-3.6721375;-2.0877419;-2.2111578;-2.9119258;-3.4484754;-3.2507586;-7.856307;-8.374912;-0.047947817;1.5860023;3.6743877;75403;101606;17371320
-9.854448;2.4389153;-2.333226;0.7004685;-0.36617556;-1.5104108;0.024638796;0.10667329;-0.54726523;-1.4634881;2.3102803;-3.7307737;-2.8147786;-3.082642;-2.84025;-3.6721375;-2.0877419;-2.2111578;-2.9119258;-3.4484754;-3.2507586;-7.856307;-8.374912;0.10902738;1.5860023;3.6743877;55397;101606;17461896
-9.69757;2.4389153;-2.333226;0.7004685;-0.52315074;-1.3534356;0.024638796;0.10667329;-0.54726523;-1.4634881;2.3102803;-3.7307737;-2.8147786;-2.9256668;-2.84025;-3.6721375;-2.0877419;-2.2111578;-2.9119258;-3.4484754;-3.0938804;-7.856307;-8.374912;-0.047947817;1.5860023;3.6743877;71917;101606;17569271
-9.854448;2.4389153;-2.333226;0.7004685;-0.52315074;-1.5102172;0.024638796;0.26345482;-0.54726523;-1.4634881;2.3102803;-3.5739923;-2.8147786;-2.9256668;-2.84025;-3.6721375;-2.2445233;-2.2111578;-2.9119258;-3.4484754;-3.2507586;-7.856307;-8.374912;-0.047947817;1.5860023;3.6743877;63800;101606;17861193
-9.854448;2.4389153;-2.4899108;0.7004685;-0.52315074;-1.3534356;0.18132357;0.10667329;-0.54726523;-1.4634881;2.3102803;-3.7307737;-2.8147786;-2.9256668;-2.84025;-3.6721375;-2.0877419;-2.2111578;-2.9119258;-3.4484754;-3.0940738;-7.856307;-8.218227;-0.047947817;1.5860023;3.6743877;92047;101606;18240692
-9.854448;2.2823272;-2.333226;0.7004685;-0.6797388;-1.3534356;-0.13194928;0.10667329;-0.54726523;-1.4634881;2.3102803;-3.7307737;-2.8147786;-2.7690787;-2.84025;-3.6721375;-2.0877419;-2.2111578;-2.9119258;-3.4484754;-3.2507586;-7.856307;-8.374912;-0.047947817;1.5860023;3.6743877;52932;101606;18307461
-9.854448;2.4389153;-2.333226;0.7004685;-0.52315074;-1.3534356;0.024638796;0.10667329;-0.54726523;-1.4634881;2.3102803;-3.7307737;-2.8147786;-2.9256668;-2.84025;-3.6721375;-2.0877419;-2.5241408;-2.9119258;-3.4484754;-3.2507586;-7.6998158;-8.374912;-0.047947817;1.5860023;3.5178962;23463;101606;18337865
-9.854448;2.4389153;-2.333226;0.7004685;-0.3667559;-1.3534356;0.024638796;0.26306814;-0.54726523;-1.4634881;2.1538854;-3.8871686;-2.8147786;-2.9256668;-2.84025;-3.6721375;-2.0877419;-2.2111578;-2.9119258;-3.4484754;-3.2507586;-7.856307;-8.374912;-0.047947817;1.5860023;3.6743877;62028;101606;18420053
-9.854448;2.4389153;-2.333226;0.7004685;-0.52315074;-1.3534356;0.024638796;0.10667329;-0.54726523;-1.4634881;2.3102803;-3.7307737;-2.8147786;-2.9256668;-2.84025;-3.6721375;-2.0877419;-2.3674562;-2.9119258;-3.4484754;-3.407057;-7.856307;-8.374912;-0.047947817;1.5860023;3.6743877;25473;101606;18450599
-9.854448;2.4389153;-2.333226;0.7004685;-0.52315074;-1.3534356;0.024638796;0.10667329;-0.54726523;-1.4634881;2.3102803;-3.7307737;-2.8147786;-2.9256668;-2.84025;-3.8283393;-2.0877419;-2.2111578;-2.9119258;-3.2922735;-3.4069605;-7.856307;-8.374912;-0.047947817;1.5860023;3.8305895;83406;101606;18783704
-9.854448;2.4389153;-2.333226;0.7004685;-0.52315074;-1.3534356;0.024638796;0.2627787;-0.70337063;-1.4634881;2.3102803;-3.7307737;-2.8147786;-2.7695615;-2.84025;-3.6721375;-2.0877419;-2.2111578;-2.7558205;-3.4484754;-3.2507586;-7.856307;-8.374912;-0.047947817;1.5860023;3.6743877;69363;101606;18877961
-9.854448;2.4389153;-2.333226;0.54445946;-0.52315074;-1.1974266;0.024638796;0.10667329;-0.54726523;-1.4634881;2.3102803;-3.7307737;-2.6587696;-2.9256668;-2.84025;-3.6721375;-2.0877419;-2.2111578;-2.9119258;-3.4484754;-3.2507586;-8.012316;-8.374912;-0.047947817;1.5860023;3.6743877;51922;101606;18948864
-9.854448;2.4389153;-2.333226;0.7004685;-0.52315074;-1.3534356;0.024638796;0.10667329;-0.54726523;-1.4634881;2.3102803;-3.7307737;-2.658866;-2.9256668;-2.84025;-3.6721375;-2.0877419;-2.0552452;-2.9119258;-3.4484754;-3.2507586;-7.856307;-8.219;-0.20386052;1.5860023;3.6743877;70932;101606;19056770
-9.854448;2.4389153;-2.333226;0.7004685;-0.52315074;-1.3534356;0.024638796;0.10667329;-0.54726523;-1.4634881;2.3102803;-3.5749571;-2.8147786;-2.9256668;-2.84025;-3.6721375;-2.0877419;-2.0553412;-2.9119258;-3.4484754;-3.2507586;-7.856307;-8.530728;-0.047947817;1.7418188;3.6743877;53634;101606;19132817
-9.854448;2.4389153;-2.333226;0.7004685;-0.52315074;-1.3534356;-0.13108143;0.10667329;-0.54726523;-1.3077679;2.3102803;-3.7307737;-2.8147786;-2.9256668;-2.84025;-3.6721375;-1.9320216;-2.2111578;-2.9119258;-3.4484754;-3.2507586;-7.856307;-8.374912;-0.20366804;1.5860023;3.6743877;11743;101606;19148259
-9.854448;2.4389153;-2.333226;0.7004685;-0.52315074;-1.1978116;-0.13098527;0.10667329;-0.54726523;-1.4634881;2.3102803;-3.7307737;-2.8147786;-2.9256668;-2.84025;-3.8277617;-2.0877419;-2.2111578;-2.9119258;-3.6040995;-3.2507586;-7.856307;-8.374912;-0.047947817;1.5860023;3.6743877;69920;101606;19242067
-9.854448;2.4389153;-2.488754;0.7004685;-0.52315074;-1.3534356;0.18016677;0.10667329;-0.54726523;-1.4634881;2.3102803;-3.7307737;-2.8147786;-2.9256668;-2.84025;-3.6721375;-1.9322139;-2.2111578;-2.9119258;-3.4484754;-3.2507586;-7.856307;-8.374912;-0.047947817;1.5860023;3.5188596;56198;101606;19312629
-9.854448;2.4389153;-2.333226;0.7004685;-0.52315074;-1.3534356;0.18007071;0.10667329;-0.54726523;-1.3080562;2.3102803;-3.8862057;-2.8147786;-2.9256668;-2.84025;-3.6721375;-2.0877419;-2.2111578;-2.9119258;-3.4484754;-3.2507586;-7.856307;-8.374912;-0.047947817;1.4305705;3.6743877;57855;101606;19393577
-9.854448;2.4389153;-2.333226;0.8558044;-0.52315074;-1.3534356;0.024638796;-0.048662636;-0.54726523;-1.4634881;2.3102803;-3.7307737;-2.8147786;-2.9256668;-2.84025;-3.5168016;-2.0877419;-2.055822;-2.9119258;-3.4484754;-3.2507586;-7.856307;-8.374912;-0.047947817;1.5860023;3.6743877;10166;101606;19407551
-9.854448;2.4389153;-2.333226;0.7004685;-0.52315074;-1.3534356;0.024638796;0.10667329;-0.54726523;-1.4634881;2.3102803;-3.7307737;-2.8147786;-2.9256668;-2.84025;-3.8273776;-2.0877419;-2.2111578;-3.0671659;-3.4484754;-3.2507586;-7.856307;-8.374912;-0.3584278;1.5860023;3.6743877;61011;101606;19490053
-9.854448;2.4389153;-2.6435144;0.7004685;-0.52315074;-1.3534356;-0.13050531;0.10667329;-0.54726523;-1.4634881;2.3102803;-3.7307737;-2.8147786;-2.9256668;-2.84025;-3.6721375;-2.0877419;-2.2111578;-2.9119258;-3.4484754;-3.4059029;-7.856307;-8.374912;-0.047947817;1.5860023;3.6743877;66087;101606;19577957
-9.854448;2.4389153;-2.333226;0.7004685;-0.52315074;-1.3534356;0.024638792;-0.048374977;-0.54726523;-1.4634881;2.3102803;-3.7307737;-2.8147786;-2.9256668;-2.84025;-3.6721375;-2.0877419;-2.2111578;-2.9119258;-3.293427;-3.2507586;-7.856307;-8.374912;-0.047947817;1.5860023;3.6743877;68691;101606;19670008
-9.854448;2.4389153;-2.333226;0.7004685;-0.52315074;-1.3534356;0.024638796;0.10667329;-0.54726523;-1.4634881;2.3102803;-3.7307737;-3.1246836;-2.9256668;-2.84025;-3.517185;-2.0877419;-2.2111578;-2.9119258;-3.4484754;-3.2507586;-7.856307;-8.374912;-0.047947817;1.5860023;3.8293402;69647;101606;19769695
-9.854448;2.4389153;-2.333226;0.7004685;-0.52315074;-1.3534356;0.024638796;0.10667329;-0.54726523;-1.4634881;2.1554236;-3.575917;-2.8147786;-2.9256668;-2.84025;-3.6721375;-2.0877419;-2.3660145;-2.9119258;-3.4484754;-3.2507586;-8.011164;-8.374912;-0.047947817;1.5860023;3.6743877;76922;101606;20085336
-9.854448;2.4389153;-2.178465;0.5457074;-0.52315074;-1.3534356;0.024638796;0.10667329;-0.54726523;-1.4634881;2.3102803;-3.7307737;-2.8147786;-2.9256668;-2.995011;-3.6721375;-2.0877419;-2.2111578;-2.9119258;-3.4484754;-3.2507586;-7.856307;-8.374912;-0.047947817;1.5860023;3.8291488;74804;101606;20363381
-9.854448;2.4389153;-2.333226;0.7004685;-0.52315074;-1.3534356;0.024638796;0.10667329;-0.39259976;-1.4634881;2.3102803;-3.7307737;-2.8147786;-2.9256668;-2.84025;-3.6721375;-2.0877419;-2.2111578;-2.9119258;-3.4484754;-3.405424;-7.856307;-8.529578;-0.047947817;1.5860023;3.5197222;88754;101606;20690443
-9.854448;2.4389153;-2.333226;0.7004685;-0.36858082;-1.3534356;0.024638796;0.10667329;-0.54726523;-1.618058;2.3102803;-3.7307737;-2.9693484;-2.9256668;-2.84025;-3.6721375;-2.0877419;-2.2111578;-2.757356;-3.4484754;-3.2507586;-7.856307;-8.374912;-0.047947817;1.5860023;3.6743877;88231;101606;21012928
-9.854448;2.4389153;-2.333226;0.7004685;-0.52315074;-1.3534356;-0.1298356;-0.047801115;-0.54726523;-1.4634881;2.3102803;-3.7307737;-2.8147786;-2.9256668;-2.84025;-3.6721375;-2.0877419;-2.2111578;-2.9119258;-3.4484754;-3.2507586;-7.856307;-8.374912;-0.047947817;1.5860023;3.6743877;65038;101606;21257016
-9.854448;2.4389153;-2.4876049;0.7004685;-0.52315074;-1.3534356;0.024638796;0.10667329;-0.54726523;-1.6178671;2.3102803;-3.7307737;-2.8147786;-2.9256668;-2.84025;-3.5177586;-2.0877419;-2.2111578;-2.9119258;-3.2940965;-3.2507586;-7.856307;-8.374912;-0.047947817;1.5860023;3.6743877;55453;101606;21324007
-9.854448;2.4389153;-2.1789424;0.7004685;-0.52315074;-1.3534356;0.024638796;-0.047610257;-0.54726523;-1.4634881;2.3102803;-3.7307737;-2.8147786;-2.9256668;-2.84025;-3.6721375;-2.0877419;-2.2111578;-2.7576423;-3.4484754;-3.2507586;-7.7020235;-8.374912;-0.047947817;1.5860023;3.6743877;72007;101606;21412775
-9.854448;2.4389153;-2.333226;0.7004685;-0.52315074;-1.3534356;0.178827;0.10667329;-0.54726523;-1.4634881;2.3102803;-3.7307737;-2.5064023;-2.9256668;-2.84025;-3.6721375;-2.0877419;-2.2111578;-3.066114;-3.4484754;-3.2507586;-7.856307;-8.374912;-0.047947817;1.5860023;3.6743877;34130;101606;21455872
-9.854448;2.4389153;-2.333226;0.7004685;-0.36905783;-1.5075285;0.024638796;0.10667329;-0.70135814;-1.4634881;2.3102803;-3.7307737;-2.8147786;-2.9256668;-2.84025;-3.6721375;-2.0877419;-2.2111578;-3.0660188;-3.4484754;-3.2507586;-7.856307;-8.374912;-0.047947817;1.5860023;3.6743877;59832;101606;21533523
-9.854448;2.4389153;-2.333226;0.7004685;-0.21515541;-1.3534356;0.024638796;0.10667329;-0.54726523;-1.4634881;2.3102803;-3.7307737;-2.8147786;-2.9256668;-2.84025;-3.6721375;-2.0877419;-2.2111578;-2.9119258;-3.4484754;-3.2507586;-7.856307;-8.374912;-0.20194548;1.4320047;3.6743877;48061;101606;21593425
-9.700546;2.4389153;-2.333226;0.7004685;-0.36924827;-1.3534356;0.024638796;0.10667329;-0.54726523;-1.4634881;2.3102803;-3.7307737;-2.8147786;-2.9256668;-2.9941525;-3.6721375;-2.0877419;-2.2111578;-2.9119258;-3.4484754;-3.2507586;-7.856307;-8.374912;-0.047947817;1.7399049;3.6743877;71555;101606;21684389
-9.854448;2.4389153;-2.4870334;0.8542758;-0.3693434;-1.3534356;0.024638796;0.10667329;-0.54726523;-1.4634881;2.3102803;-3.7307737;-2.8147786;-2.9256668;-2.84025;-3.6721375;-2.0877419;-2.2111578;-2.7581184;-3.4484754;-3.2507586;-7.856307;-8.374912;-0.047947817;1.5860023;3.6743877;13639;101606;21701348
-9.854448;2.4389153;-2.333226;0.7004685;-0.52315074;-1.3534356;0.024638796;0.10667329;-0.54726523;-1.4634881;2.3102803;-3.7307737;-2.8147786;-2.9256668;-2.84025;-3.8258498;-2.0877419;-2.2111578;-3.065638;-3.4484754;-3.0970464;-8.010019;-8.374912;-0.047947817;1.5860023;3.6743877;64925;101606;21782475
-9.700831;2.4389153;-2.333226;0.7004685;-0.52315074;-1.3534356;0.024638796;0.10667329;-0.54726523;-1.4634881;2.4638975;-3.7307737;-2.8147786;-2.9256668;-2.84025;-3.6721375;-1.9341246;-2.2111578;-3.065543;-3.4484754;-3.2507586;-7.856307;-8.374912;-0.047947817;1.5860023;3.6743877;31899;101606;21820745
-9.700926;2.4389153;-2.333226;0.7004685;-0.52315074;-1.3534356;0.024638796;0.10667329;-0.54726523;-1.4634881;2.3102803;-3.7307737;-2.8147786;-2.9256668;-2.84025;-3.6721375;-2.0877419;-2.2111578;-3.065448;-3.4484754;-3.2507586;-7.856307;-8.374912;-0.047947817;1.5860023;3.6743877;96261;101606;22172193
-9.854448;2.4389153;-2.333226;0.7004685;-0.52315074;-1.3534356;0.024638796;0.10667329;-0.54726523;-1.4634881;2.3102803;-3.884201;-2.8147786;-2.9256668;-2.84025;-3.6721375;-2.0877419;-2.2111578;-2.9119258;-3.4484754;-3.2507586;-7.856307;-8.528339;0.10547953;1.5860023;3.827815;67018;101606;22257014
-9.854448;2.4389153;-2.1798935;0.7004685;-0.52315074;-1.3534356;0.024638796;0.10667329;-0.54726523;-1.4634881;2.3102803;-3.7307737;-2.8147786;-2.9256668;-2.84025;-3.6721375;-2.2410743;-2.2111578;-2.9119258;-3.4484754;-3.2507586;-7.856307;-8.374912;-0.047947817;1.4326699;3.8277202;79402;101606;22554254
-9.701211;2.4389153;-2.4864635;0.7004685;-0.52315074;-1.3534356;0.17787647;0.10667329;-0.54726523;-1.4634881;2.3102803;-3.7307737;-2.661541;-2.9256668;-2.84025;-3.6721375;-2.0877419;-2.2111578;-2.9119258;-3.4484754;-3.2507586;-7.856307;-8.374912;-0.047947817;1.5860023;3.6743877;94828;101606;22901153
-9.854448;2.4389153;-2.333226;0.7004685;-0.52315074;-1.3534356;0.024638796;0.2598162;-0.54726523;-1.4634881;2.1571374;-3.7307737;-2.6616356;-2.9256668;-2.84025;-3.6721375;-2.0877419;-2.2111578;-2.9119258;-3.4484754;-3.2507586;-7.856307;-8.374912;0.1051951;1.5860023;3.6743877;72375;101606;22990935
-9.7014;2.285867;-2.1801777;0.7004685;-0.52315074;-1.3534356;0.024638796;0.10667329;-0.54726523;-1.4634881;2.3102803;-3.7307737;-2.9678268;-2.9256668;-2.84025;-3.6721375;-2.0877419;-2.2111578;-2.9119258;-3.4484754;-3.2507586;-7.856307;-8.374912;-0.047947817;1.5860023;3.6743877;41694;101606;23040945
-9.854448;2.4389153;-2.333226;0.7004685;-0.52315074;-1.3534356;0.024638796;0.10667329;-0.54726523;-1.4634881;2.3102803;-3.7307737;-2.661825;-2.9256668;-2.84025;-3.6721375;-2.0877419;-2.2111578;-2.9119258;-3.4484754;-3.2507586;-7.856307;-8.374912;-0.047947817;1.5860023;3.8273413;75985;101606;23326408
-9.854448;2.4389153;-2.333226;0.7004685;-0.52315074;-1.3534356;0.024638796;0.10667329;-0.54726523;-1.4634881;2.3102803;-3.7307737;-2.8147786;-2.9256668;-2.84025;-3.5192785;-2.0877419;-2.2111578;-2.9119258;-3.4484754;-3.0978997;-7.856307;-8.374912;0.10491113;1.7388613;3.6743877;65305;101606;23409607
-9.854448;2.5916796;-2.333226;0.7004685;-0.52315074;-1.3534356;0.1774032;0.10667329;-0.39450082;-1.4634881;2.3102803;-3.7307737;-2.8147786;-2.9256668;-2.84025;-3.6721375;-2.0877419;-2.2111578;-2.9119258;-3.4484754;-3.2507586;-7.856307;-8.374912;0.10481659;1.5860023;3.6743877;39155;101606;23458171
-9.854448;2.2862453;-2.333226;0.7004685;-0.52315074;-1.3534356;0.024638796;0.10667329;-0.54726523;-1.616158;2.3102803;-3.7307737;-2.8147786;-2.9256668;-2.84025;-3.6721375;-2.2404118;-2.2111578;-2.759256;-3.4484754;-3.2507586;-7.856307;-8.374912;-0.047947817;1.5860023;3.6743877;65123;101606;23538465
-9.854448;2.4389153;-2.333226;0.7004685;-0.67572623;-1.3534356;0.024638796;0.10667329;-0.54726523;-1.4634881;2.3102803;-3.7307737;-2.8147786;-2.9256668;-2.84025;-3.6721375;-2.0877419;-2.0585823;-2.9119258;-3.4484754;-3.2507586;-7.856307;-8.527488;-0.047947817;1.4334269;3.6743877;66786;101606;23790447
-9.854448;2.4389153;-2.333226;0.7004685;-0.52315074;-1.3534356;0.024638796;0.10667329;-0.54726523;-1.4634881;2.1577992;-3.7307737;-2.8147786;-2.9256668;-2.84025;-3.6721375;-2.240223;-2.2111578;-2.9119258;-3.6009564;-3.2507586;-7.856307;-8.374912;0.10453328;1.5860023;3.6743877;65489;101606;23872797
-10.006835;2.2865286;-2.333226;0.7004685;-0.52315074;-1.3534356;-0.12774797;0.10667329;-0.54726523;-1.4634881;2.3102803;-3.7307737;-2.8147786;-2.7732801;-2.84025;-3.6721375;-2.0877419;-2.2111578;-2.9119258;-3.4484754;-3.2507586;-7.856307;-8.374912;-0.047947817;1.5860023;3.6743877;60047;101606;23950891
-9.854448;2.4389153;-2.333226;0.7004685;-0.52315074;-1.3534356;0.024638796;0.10667329;-0.54726523;-1.6157806;2.3102803;-3.7307737;-2.8147786;-2.9256668;-2.9925425;-3.6721375;-2.0877419;-2.2111578;-2.7596333;-3.4484754;-3.0984662;-7.856307;-8.374912;-0.047947817;1.5860023;3.6743877;46139;101606;24007681
-9.854448;2.4389153;-2.333226;0.5482702;-0.52315074;-1.3534356;0.024638796;0.10667329;-0.39506698;-1.4634881;2.3102803;-3.7307737;-2.8147786;-2.9256668;-2.84025;-3.6721375;-2.0877419;-2.2111578;-2.9119258;-3.4484754;-3.2507586;-7.856307;-8.374912;-0.047947817;1.7382005;3.826586;43485;101606;24062647
-9.854448;2.4389153;-2.48533;0.7004685;-0.52315074;-1.3534356;0.024638796;0.10667329;-0.54726523;-1.4634881;2.3102803;-3.7307737;-2.8147786;-2.9256668;-2.84025;-3.8242416;-2.0877419;-2.363262;-2.9119258;-3.4484754;-3.2507586;-7.856307;-8.222808;-0.047947817;1.5860023;3.6743877;80131;101606;24367461
-9.854448;2.4389153;-2.333226;0.7004685;-0.6751607;-1.3534356;0.024638796;0.10667329;-0.39525527;-1.4634881;2.3102803;-3.7307737;-2.8147786;-2.9256668;-2.84025;-3.6721375;-1.9357319;-2.2111578;-2.9119258;-3.4484754;-3.2507586;-7.856307;-8.374912;0.10406214;1.5860023;3.6743877;100614;101606;24749832
-9.854448;2.4389153;-2.333226;0.7004685;-0.6751607;-1.3534356;0.024638802;0.10667329;-0.39525527;-1.4634881;2.3102803;-3.7307737;-2.8147786;-2.9256668;-2.84025;-3.8240533;-1.9357319;-2.2111578;-2.76001;-3.4484754;-3.2507586;-7.856307;-8.374912;0.10406214;1.5860023;3.6743877;56426;100614;24821531
-9.854448;2.4389153;-2.333226;0.7004685;-0.6751607;-1.3534356;0.024638796;0.10667329;-0.39525527;-1.3116663;2.3102803;-3.8825955;-2.9666004;-2.9256668;-2.84025;-3.6721375;-1.9357319;-2.2111578;-2.9119258;-3.4484754;-3.2507586;-7.856307;-8.526734;0.10406214;1.5860023;3.6743877;46183;100614;24881916
-9.702721;2.4389153;-2.333226;0.7004685;-0.6751607;-1.3534356;0.024638796;0.10667329;-0.39525527;-1.4634881;2.3102803;-3.7307737;-2.8147786;-2.9256668;-2.84025;-3.6721375;-1.9357319;-2.2111578;-2.9119258;-3.4484754;-3.2507586;-8.008035;-8.374912;0.10406214;1.5860023;3.6743877;17103;100614;24903140
-9.854448;2.4389153;-2.333226;0.7004685;-0.6751607;-1.3534356;0.024638796;0.10667329;-0.39525527;-1.4634881;2.3102803;-3.7307737;-2.8147786;-2.9256668;-2.84025;-3.6721375;-1.9357319;-2.2111578;-2.9119258;-3.4484754;-3.2507586;-7.856307;-8.374912;0.25569615;1.7376363;3.6743877;24844;100614;24933768
-9.854448;2.2873752;-2.333226;0.7004685;-0.82670087;-1.3534356;0.024638796;0.10667329;-0.39525527;-1.4634881;2.3102803;-3.7307737;-2.6632385;-2.9256668;-2.84025;-3.6721375;-1.9357319;-2.2111578;-2.9119258;-3.4484754;-3.2507586;-7.856307;-8.223372;0.10406214;1.5860023;3.6743877;35541;100614;24978127
-9.854448;2.4389153;-2.1817796;0.7004685;-0.6751607;-1.3534356;0.024638796;0.10667329;-0.39525527;-1.4634881;2.3102803;-3.7307737;-2.966225;-2.9256668;-2.9916964;-3.6721375;-1.9357319;-2.2111578;-2.9119258;-3.4484754;-3.2507586;-7.856307;-8.374912;0.10406214;1.434556;3.6743877;16746;100614;24998979
-9.854448;2.4389153;-2.4845786;0.7004685;-0.5238081;-1.202083;0.024638796;0.10667329;-0.39525527;-1.4634881;2.3102803;-3.7307737;-2.8147786;-2.9256668;-2.84025;-3.6721375;-1.9357319;-2.2111578;-2.9119258;-3.4484754;-3.4021113;-7.856307;-8.374912;0.10406214;1.5860023;3.6743877;91930;100614;25337332
-9.854448;2.4389153;-2.333226;0.7004685;-0.6751607;-1.3534356;0.024638796;0.10667329;-0.39525527;-1.1609702;2.3102803;-3.5795147;-2.8147786;-2.9256668;-2.84025;-3.6721375;-2.0869908;-2.2111578;-2.9119258;-3.4484754;-3.2507586;-7.856307;-8.374912;0.10406214;1.5860023;3.6743877;74798;100614;25430909
-9.854448;2.5900805;-2.1820607;0.54930323;-0.6751607;-1.3534356;0.024638796;0.10667329;-0.39525527;-1.4634881;2.3102803;-3.7307737;-2.8147786;-2.9256668;-2.84025;-3.6721375;-1.9357319;-2.2111578;-2.9119258;-3.4484754;-3.2507586;-7.856307;-8.526077;0.10406214;1.5860023;3.6743877;77500;100614;25715416
-9.703377;2.4389153;-2.333226;0.7004685;-0.6751607;-1.3534356;0.024638796;0.10667329;-0.39525527;-1.4634881;2.3102803;-3.579702;-2.6637068;-2.9256668;-2.84025;-3.6721375;-1.9357319;-2.2111578;-2.9119258;-3.4484754;-3.2507586;-7.856307;-8.374912;-0.047009535;1.5860023;3.6743877;74528;100614;25998783
-9.854448;2.4389153;-2.333226;0.7004685;-0.6751607;-1.3534356;0.024638796;0.10667329;-0.39525527;-1.31251;2.3102803;-3.7307737;-2.8147786;-3.076645;-2.84025;-3.8231156;-1.9357319;-2.2111578;-2.9119258;-3.4484754;-3.2507586;-7.856307;-8.374912;-0.046915997;1.5860023;3.6743877;34349;100614;26041885
-9.854448;2.4389153;-2.333226;0.3986992;-0.6751607;-1.3534356;0.024638796;0.10667329;-0.39525527;-1.4634881;2.3102803;-3.8816583;-2.8147786;-2.9256668;-2.84025;-3.6721375;-1.9357319;-2.2111578;-2.9119258;-3.4484754;-3.099874;-7.856307;-8.374912;0.10406214;1.5860023;3.6743877;93704;100614;26388821
-9.854448;2.4389153;-2.333226;0.7004685;-0.6751607;-1.5042268;0.024638796;0.10667329;-0.6968377;-1.4634881;2.3102803;-3.7307737;-2.8147786;-2.9256668;-2.84025;-3.6721375;-1.9357319;-2.2111578;-2.9119258;-3.4484754;-3.2507586;-7.705516;-8.374912;0.10406214;1.5860023;3.6743877;70386;100614;26669314
-9.854448;2.4389153;-2.483924;0.7004685;-0.6751607;-1.5041335;0.024638796;0.10667329;-0.39525527;-1.4634881;2.3102803;-3.8814716;-2.8147786;-2.9256668;-2.84025;-3.6721375;-1.9357319;-2.2111578;-2.9119258;-3.4484754;-3.2507586;-7.856307;-8.374912;0.10406214;1.7367002;3.6743877;71280;100614;26763365
-9.854448;2.2883108;-2.333226;0.7004685;-0.6751607;-1.3534356;0.024638796;0.25727782;-0.39525527;-1.4634881;2.3102803;-3.5801692;-2.8147786;-2.9256668;-2.84025;-3.6721375;-1.9357319;-2.2111578;-2.9119258;-3.4484754;-3.2507586;-8.006911;-8.374912;0.10406214;1.5860023;3.6743877;75216;100614;26858666
-9.854448;2.4389153;-2.333226;0.7004685;-0.6751607;-1.3534356;0.024638796;0.10667329;-0.54576653;-1.6139994;2.3102803;-3.881285;-2.8147786;-2.9256668;-2.84025;-3.6721375;-1.9357319;-2.2111578;-2.7614145;-3.4484754;-3.2507586;-7.856307;-8.374912;0.10406214;1.5860023;3.6743877;64600;100614;26941223
-9.854448;2.4389153;-2.333226;0.7004685;-0.6751607;-1.3534356;0.024638796;0.10667329;-0.39525527;-1.4634881;2.1598623;-3.7307737;-2.8147786;-2.9256668;-2.84025;-3.6721375;-2.08615;-2.2111578;-2.9119258;-3.4484754;-3.2507586;-7.856307;-8.374912;0.10406214;1.5860023;3.6743877;93767;100614;27285240
-9.854448;2.4389153;-2.333226;0.7004685;-0.6751607;-1.3534356;-0.2760109;0.10667329;-0.39525527;-1.4634881;2.3102803;-3.7307737;-2.8147786;-2.9256668;-2.84025;-3.6721375;-1.9357319;-2.2111578;-2.9119258;-3.5988002;-3.2507586;-7.856307;-8.374912;0.10406214;1.5860023;3.5240629;72607;100614;27373906
-10.00468;2.4389153;-2.333226;0.7004685;-0.6751607;-1.3534356;0.024638796;0.10667329;-0.39525527;-1.3132564;2.3102803;-3.7307737;-2.6645467;-2.9256668;-2.84025;-3.6721375;-1.9357319;-2.2111578;-2.9119258;-3.4484754;-3.2507586;-7.856307;-8.224681;0.10406214;1.5860023;3.6743877;79763;100614;27665970
-9.854448;2.4389153;-2.333226;0.7004685;-0.6751607;-1.3534356;0.024638796;0.10667329;-0.39525527;-1.4634881;2.3102803;-3.7307737;-2.9649172;-2.9256668;-2.84025;-3.6721375;-1.9357319;-2.2111578;-2.7617872;-3.4484754;-3.2507586;-7.856307;-8.525051;0.10406214;1.736141;3.6743877;52987;100614;27731550
-9.854448;2.588961;-2.333226;0.7004685;-0.6751607;-1.3534356;0.024638796;0.10667329;-0.39525527;-1.4634881;2.3102803;-3.8808193;-2.8147786;-2.9256668;-2.84025;-3.8221831;-1.9357319;-2.2111578;-2.9119258;-3.4484754;-3.2507586;-7.856307;-8.374912;0.10406214;1.4359567;3.6743877;62405;100614;27961875
-9.854448;2.4389153;-2.333226;0.7004685;-0.6751607;-1.3534356;0.024638796;0.10667329;-0.39525527;-1.6134408;2.460233;-3.7307737;-2.8147786;-2.9256668;-2.84025;-3.6721375;-1.9357319;-2.2111578;-2.9119258;-3.4484754;-3.2507586;-7.856307;-8.374912;-0.045890566;1.4360497;3.6743877;62388;100614;28041853
-9.854448;2.4389153;-2.333226;0.7004685;-0.6751607;-1.3534356;0.024638796;0.10667329;-0.39525527;-1.4634881;2.3102803;-3.7307737;-2.8147786;-3.0755267;-2.84025;-3.6721375;-1.9357319;-2.2111578;-2.762066;-3.4484754;-3.2507586;-7.856307;-8.374912;0.104062125;1.5860023;3.6743877;90563;100614;28376247
-9.854448;2.4389153;-2.333226;0.7004685;-0.6751607;-1.3534356;0.17440574;0.10667329;-0.39525527;-1.4634881;2.3102803;-3.5810068;-2.8147786;-2.9256668;-2.84025;-3.6721375;-1.785965;-2.2111578;-2.9119258;-3.4484754;-3.2507586;-7.856307;-8.374912;0.10406214;1.7357693;3.6743877;41991;100614;28429052
-9.854448;2.4389153;-2.4829001;0.7004685;-0.6751607;-1.3534356;-0.12503535;0.10667329;-0.39525527;-1.4634881;2.3102803;-3.7307737;-2.8147786;-2.9256668;-2.84025;-3.5224633;-1.9357319;-2.2111578;-2.9119258;-3.4484754;-3.2507586;-7.706633;-8.374912;0.10406214;1.5860023;3.6743877;44429;100614;28486540
-9.704867;2.4389153;-2.333226;0.7004685;-0.6751607;-1.3534356;0.024638796;0.10667329;-0.39525527;-1.3139067;2.3102803;-3.5811923;-2.8147786;-2.9256668;-2.84025;-3.6721375;-2.0853133;-2.2111578;-2.9119258;-3.4484754;-3.2507586;-7.856307;-8.374912;0.10406214;1.5860023;3.6743877;58314;100614;28702878
-9.70496;2.4389153;-2.333226;0.7004685;-0.6751607;-1.3534356;0.024638796;-0.04281541;-0.39525527;-1.4634881;2.3102803;-3.7307737;-2.8147786;-2.9256668;-2.84025;-3.6721375;-1.9357319;-2.2111578;-2.9119258;-3.4484754;-3.10127;-7.856307;-8.374912;0.10406214;1.5860023;3.524899;41215;100614;28751224
-9.705052;2.4389153;-2.333226;0.7004685;-0.6751607;-1.3534356;0.024638796;0.10667329;-0.5446513;-1.4634881;2.3102803;-3.7307737;-2.8147786;-2.9256668;-2.84025;-3.6721375;-1.9357319;-2.2111578;-2.9119258;-3.5978713;-3.4001546;-7.856307;-8.374912;0.10406214;1.5860023;3.6743877;33342;100614;28791762
-9.854448;2.4389153;-2.333226;0.7004685;-0.6751607;-1.3534356;-0.12466467;0.10667329;-0.39525527;-1.4634881;2.3102803;-3.7307737;-2.8147786;-2.9256668;-2.84025;-3.6721375;-1.9357319;-2.2111578;-2.9119258;-3.4484754;-3.2507586;-7.856307;-8.374912;0.10406214;1.4366989;3.6743877;27025;100614;28824464
-9.854448;2.4389153;-2.333226;0.7004685;-0.6751607;-1.3534356;-0.124572136;0.10667329;-0.39525527;-1.4634881;2.3102803;-3.7307737;-2.8147786;-2.9256668;-2.84025;-3.6721375;-1.9357319;-2.2111578;-2.9119258;-3.2992644;-3.3999696;-7.856307;-8.374912;0.10406214;1.5860023;3.8235986;66005;100614;28909260
-10.003567;2.4389153;-2.333226;0.7004685;-0.6751607;-1.3534356;0.024638796;0.10667329;-0.39525527;-1.4634881;2.3102803;-3.5816553;-2.963897;-2.9256668;-2.84025;-3.6721375;-1.9357319;-2.0620394;-2.9119258;-3.4484754;-3.2507586;-7.856307;-8.374912;0.10406214;1.5860023;3.6743877;63350;100614;28989978
-9.854448;2.4389153;-2.333226;0.7004685;-0.9732128;-1.3534356;0.024638796;0.10667329;-0.39525527;-1.6125141;2.3102803;-3.7307737;-2.8147786;-2.9256668;-2.84025;-3.6721375;-1.9357319;-2.062132;-2.9119258;-3.4484754;-3.2507586;-7.856307;-8.374912;0.10406214;1.5860023;3.6743877;38164;100614;29035259
-9.854448;2.4389153;-2.333226;0.7004685;-0.6751607;-1.3534356;0.32250604;0.10667329;-0.39525527;-1.4634881;2.3102803;-3.7307737;-2.8147786;-2.9256668;-2.9891837;-3.6721375;-1.9357319;-2.2111578;-2.9119258;-3.4484754;-3.3996923;-7.856307;-8.374912;0.10406214;1.5860023;3.6743877;61039;100614;29109546
-9.854448;2.4389153;-2.333226;0.7004685;-0.6751607;-1.3534356;0.1734801;0.10667329;-0.39525527;-1.4634881;2.161439;-3.879615;-2.8147786;-2.9256668;-2.84025;-3.6721375;-1.9357319;-2.2111578;-2.9119258;-3.4484754;-3.3996;-7.856307;-8.374912;0.10406214;1.5860023;3.6743877;31992;100614;29149928
-9.854448;2.4389153;-2.333226;0.7004685;-0.6751607;-1.3534356;0.024638796;0.10667329;-0.39525527;-1.4634881;2.3102803;-3.8795228;-2.8147786;-3.074416;-2.84025;-3.8208866;-1.9357319;-2.2111578;-2.9119258;-3.4484754;-3.2507586;-7.856307;-8.374912;-0.044686884;1.5860023;3.6743877;63010;100614;29229924
-9.854448;2.4389153;-2.333226;0.5518117;-0.6751607;-1.3534356;0.024638796;0.10667329;-0.54391205;-1.4634881;2.4589372;-3.7307737;-2.8147786;-2.9256668;-2.84025;-3.6721375;-1.9357319;-2.3598146;-2.9119258;-3.4484754;-3.2507586;-7.856307;-8.374912;0.10406214;1.5860023;3.6743877;70676;100614;29321162
-9.854448;2.4389153;-2.1846614;0.8490331;-0.6751607;-1.204871;0.024638796;0.10667329;-0.39525527;-1.4634881;2.3102803;-3.7307737;-2.8147786;-2.9256668;-2.84025;-3.6721375;-2.0842965;-2.2111578;-2.9119258;-3.4484754;-3.2507586;-7.856307;-8.374912;0.10406214;1.5860023;3.6743877;65650;100614;29405187
-9.854448;2.4389153;-2.4816985;0.7004685;-0.6751607;-1.3534356;0.024638796;0.10667329;-0.39525527;-1.4634881;2.3102803;-3.5823011;-2.8147786;-2.9256668;-2.84025;-3.6721375;-1.9357319;-2.2111578;-2.9119258;-3.3000028;-3.2507586;-7.856307;-8.374912;0.10406214;1.5860023;3.8228602;43580;100614;29460537
-9.854448;2.4389153;-2.036465;0.7004685;-0.6751607;-1.3534356;0.024638796;0.10667329;-0.39525527;-1.4634881;2.3102803;-3.7307737;-2.8147786;-2.9256668;-2.84025;-3.6721375;-1.9357319;-2.2111578;-2.9119258;-3.4484754;-3.2507586;-8.004687;-8.374912;0.10406214;1.7343827;3.6743877;51243;100614;29525890
-9.854448;2.4389153;-2.333226;0.7004685;-0.6751607;-1.3534356;0.024638796;-0.041615132;-0.39525527;-1.4634881;2.3102803;-3.7307737;-2.8147786;-2.9256668;-2.84025;-3.6721375;-1.9357319;-2.2111578;-2.9119258;-3.3001869;-3.2507586;-8.004596;-8.374912;-0.044226285;1.5860023;3.6743877;74095;100614;29800576
-9.854448;2.4389153;-2.333226;0.7004685;-0.52696425;-1.3534356;0.024638796;0.10667329;-0.39525527;-1.6116846;2.3102803;-3.7307737;-2.8147786;-2.9256668;-2.84025;-3.6721375;-1.9357319;-2.2111578;-2.9119258;-3.300279;-3.2507586;-7.856307;-8.374912;0.2522586;1.5860023;3.6743877;55535;100614;29871478
-9.854448;2.4389153;-2.333226;0.7004685;-0.6751607;-1.3534356;0.024638796;0.10667329;-0.5433598;-1.4634881;2.3102803;-3.7307737;-2.962883;-2.9256668;-2.84025;-3.6721375;-1.9357319;-2.2111578;-2.9119258;-3.4484754;-3.2507586;-7.7082024;-8.374912;0.10406214;1.7341069;3.6743877;43628;100614;29924525
-9.854448;2.4389153;-2.333226;0.7004685;-0.6751607;-1.3534356;0.024638796;0.10667329;-0.39525527;-1.4634881;2.3102803;-3.7307737;-2.8147786;-2.9256668;-2.6922374;-3.6721375;-1.9357319;-2.2111578;-2.9119258;-3.4484754;-3.102746;-7.856307;-8.374912;0.10406214;1.5860023;3.6743877;64437;100614;30162324
-9.706528;2.4389153;-2.333226;0.7004685;-0.6751607;-1.3534356;0.024638796;0.10667329;-0.39525527;-1.4634881;2.3102803;-3.7307737;-2.8147786;-3.0735877;-2.84025;-3.6721375;-2.0836527;-2.2111578;-2.9119258;-3.4484754;-3.2507586;-7.856307;-8.374912;0.10406214;1.5860023;3.5264668;72126;100614;30251467
-10.002277;2.4389153;-2.333226;0.7004685;-0.6751607;-1.3534356;0.024638796;0.10667329;-0.39525527;-1.4634881;2.3102803;-3.7307737;-2.9626076;-2.9256668;-2.692421;-3.6721375;-2.083561;-2.2111578;-2.9119258;-3.4484754;-3.2507586;-7.856307;-8.374912;0.10406214;1.5860023;3.6743877;97101;100614;30609356
-9.854448;2.4389153;-2.333226;0.7004685;-0.6751607;-1.3534356;0.024638796;0.10667329;-0.39525527;-1.4634881;2.3102803;-3.5830362;-2.8147786;-2.9256668;-2.84025;-3.819875;-1.9357319;-2.2111578;-3.0596633;-3.4484754;-3.1030211;-7.856307;-8.374912;0.10406214;1.5860023;3.6743877;91368;100614;30945268
-9.706802;2.4389153;-2.333226;0.7004685;-0.6751607;-1.3534356;0.024638796;0.10667329;-0.39525527;-1.4634881;2.3102803;-3.7307737;-2.8147786;-2.9256668;-2.84025;-3.8197832;-1.9357319;-2.063512;-2.9119258;-3.4484754;-3.2507586;-7.856307;-8.374912;0.2517079;1.5860023;3.6743877;72220;100614;31035337
-10.002003;2.4389153;-2.333226;0.7004685;-0.6751607;-1.3534356;0.024638796;0.10667329;-0.39525527;-1.315934;2.3102803;-3.5832195;-2.8147786;-2.9256668;-2.84025;-3.6721375;-1.9357319;-2.2111578;-2.9119258;-3.4484754;-3.2507586;-7.856307;-8.374912;0.10406214;1.5860023;3.8219419;35040;100614;31079907
-9.854448;2.2914526;-2.333226;0.7004685;-0.6751607;-1.3534356;0.024638796;-0.040789325;-0.24779265;-1.4634881;2.1628177;-3.7307737;-2.8147786;-2.9256668;-2.84025;-3.6721375;-1.9357319;-2.2111578;-2.9119258;-3.4484754;-3.2507586;-7.856307;-8.374912;0.10406214;1.5860023;3.6743877;64875;100614;31161164
-9.854448;2.4389153;-2.333226;0.7004685;-0.6751607;-1.3534356;0.024638796;0.10667329;-0.39525527;-1.6108593;2.3102803;-3.7307737;-2.8147786;-2.9256668;-2.84025;-3.6721375;-1.9357319;-2.2111578;-3.0592968;-3.5958464;-3.2507586;-7.856307;-8.227541;0.10406214;1.5860023;3.6743877;68546;100614;31248961
-9.707169;2.4389153;-2.333226;0.7004685;-0.6751607;-1.3534356;0.024638796;0.10667329;-0.24797559;-1.4634881;2.1630006;-3.7307737;-2.8147786;-2.9256668;-2.84025;-3.6721375;-1.9357319;-2.2111578;-2.9119258;-3.4484754;-3.2507586;-7.856307;-8.374912;0.10406214;1.5860023;3.8216674;60805;100614;31323914
-9.854448;2.5861034;-2.333226;0.7004685;-0.6751607;-1.3534356;-0.12254949;0.10667329;-0.39525527;-1.4634881;2.3102803;-3.7307737;-2.8147786;-2.9256668;-2.84025;-3.6721375;-1.9357319;-2.2111578;-2.9119258;-3.4484754;-3.2507586;-8.003495;-8.374912;0.25125042;1.5860023;3.6743877;26371;100614;31356779
-9.854448;2.4389153;-2.333226;0.7004685;-0.6751607;-1.3534356;0.024638796;-0.04042365;-0.39525527;-1.4634881;2.3102803;-3.7307737;-2.9618754;-2.9256668;-2.84025;-3.6721375;-1.9357319;-2.2111578;-2.9119258;-3.4484754;-3.2507586;-7.856307;-8.227816;0.10406214;1.5860023;3.8214846;15967;100614;31376146
-9.854448;2.4389153;-2.333226;0.5534628;-0.6751607;-1.3534356;0.024638796;0.10667329;-0.39525527;-1.4634881;2.3102803;-3.7307737;-2.8147786;-2.9256668;-2.84025;-3.6721375;-1.9357319;-2.3581634;-2.9119258;-3.4484754;-3.2507586;-7.856307;-8.374912;0.10406214;1.5860023;3.6743877;57047;100614;31585740
-9.854448;2.4389153;-2.333226;0.7004685;-0.6751607;-1.3534356;0.024638796;0.10667329;-0.39525527;-1.4634881;2.3102803;-3.7307737;-2.8147786;-2.9256668;-2.84025;-3.6721375;-1.7888175;-2.2111578;-2.9119258;-3.5953898;-3.3976731;-7.856307;-8.521827;0.10406214;1.5860023;3.6743877;60512;100614;31656394
-9.854448;2.4389153;-2.333226;0.7004685;-0.6751607;-1.3534356;0.024638796;0.25349653;-0.39525527;-1.4634881;2.3102803;-3.7307737;-2.8147786;-2.9256668;-2.84025;-3.6721375;-1.9357319;-2.2111578;-2.9119258;-3.4484754;-3.2507586;-7.7094836;-8.521735;0.25088537;1.5860023;3.6743877;45345;100614;31713562
-9.854448;2.4389153;-2.333226;0.7004685;-0.6751607;-1.3534356;0.024638796;0.10667329;-0.39525527;-1.4634881;2.4570124;-3.7307737;-2.8147786;-2.9256668;-2.84025;-3.6721375;-1.9357319;-2.35789;-2.9119258;-3.4484754;-3.2507586;-7.856307;-8.374912;0.10406214;1.4392703;3.8211198;41675;100614;31762721
-9.854448;2.4389153;-2.479867;0.7004685;-0.6751607;-1.3534356;0.17127982;-0.039967723;-0.39525527;-1.4634881;2.3102803;-3.7307737;-2.8147786;-2.9256668;-2.84025;-3.6721375;-1.9357319;-2.2111578;-2.9119258;-3.5951164;-3.2507586;-7.856307;-8.374912;0.10406214;1.5860023;3.6743877;54976;100614;31833350
-10.0009985;2.5854652;-2.333226;0.7004685;-0.6751607;-1.3534356;0.024638796;0.10667329;-0.24870528;-1.4634881;2.3102803;-3.7307737;-2.8147786;-2.9256668;-2.84025;-3.6721375;-1.9357319;-2.2111578;-2.9119258;-3.4484754;-3.1042087;-7.856307;-8.374912;0.10406214;1.5860023;3.6743877;71828;100614;31922638
-10.147366;2.4389153;-2.333226;0.7004685;-0.6751607;-1.3534356;0.024638796;0.10667329;-0.39525527;-1.4634881;2.3102803;-3.7307737;-2.9612377;-2.9256668;-2.84025;-3.6721375;-2.082191;-2.2111578;-2.9119258;-3.4484754;-3.2507586;-7.856307;-8.374912;0.10406214;1.5860023;3.6743877;24249;100614;31952987
-9.70808;2.4389153;-2.333226;0.7004685;-0.6751607;-1.2070676;0.024638796;0.10667329;-0.39525527;-1.4634881;2.1639123;-3.7307737;-2.8147786;-2.9256668;-2.84025;-3.6721375;-1.9357319;-2.2111578;-2.9119258;-3.4484754;-3.2507586;-7.856307;-8.374912;-0.04230594;1.5860023;3.6743877;71293;100614;32042049
-9.854448;2.4389153;-2.333226;0.7004685;-0.6751607;-1.3534356;0.024638796;0.10667329;-0.39525527;-1.4634881;2.3102803;-3.7307737;-2.9610558;-2.9256668;-2.84025;-3.6721375;-1.9357319;-2.2111578;-2.9119258;-3.4484754;-3.2507586;-7.856307;-8.374912;0.10406214;1.5860023;3.5281105;59585;100614;32119335
-9.854448;2.4389153;-2.333226;0.7004685;-0.6751607;-1.499622;0.024638796;0.10667329;-0.39525527;-1.3173018;2.3102803;-3.7307737;-2.8147786;-2.9256668;-2.84025;-3.6721375;-1.9357319;-2.2111578;-2.9119258;-3.4484754;-3.2507586;-7.856307;-8.521099;0.25024852;1.5860023;3.6743877;27915;100614;32153863
-9.854448;2.1467242;-2.1871305;0.7004685;-0.6751607;-1.3534356;0.024638796;0.10667329;-0.39525527;-1.4634881;2.3102803;-3.7307737;-2.8147786;-2.9256668;-2.84025;-3.6721375;-1.9357319;-2.0650623;-2.9119258;-3.4484754;-3.2507586;-7.856307;-8.374912;0.10406214;1.5860023;3.6743877;52469;100614;32219986
-9.854448;2.4389153;-2.333226;0.7004685;-0.6751607;-1.3534356;0.024638796;0.10667329;-0.5412601;-1.4634881;2.3102803;-3.5847688;-2.8147786;-2.9256668;-2.84025;-3.6721375;-1.9357319;-2.2111578;-2.7659209;-3.4484754;-3.2507586;-7.856307;-8.374912;0.10406214;1.5860023;3.8203926;61719;100614;32297462
-9.854448;2.5848296;-2.333226;0.7004685;-0.5292465;-1.3534356;0.024638796;0.10667329;-0.39525527;-1.6094023;2.3102803;-3.7307737;-2.8147786;-2.9256668;-2.84025;-3.6721375;-1.9357319;-2.2111578;-3.05784;-3.4484754;-3.2507586;-7.856307;-8.374912;0.10406214;1.5860023;3.6743877;24056;100614;32328103
-9.708625;2.4389153;-2.333226;0.8462921;-0.6751607;-1.3534356;0.024638796;0.10667329;-0.39525527;-1.4634881;2.4561038;-3.7307737;-2.8147786;-2.9256668;-2.84025;-3.6721375;-1.9357319;-2.2111578;-2.9119258;-3.4484754;-3.2507586;-7.856307;-8.374912;0.24988574;1.5860023;3.6743877;61053;100614;32405831
-9.854448;2.4389153;-2.333226;0.7004685;-0.8208937;-1.3534356;0.024638796;-0.039059736;-0.39525527;-1.4634881;2.3102803;-3.7307737;-2.8147786;-3.0714;-2.84025;-3.6721375;-2.081465;-2.2111578;-2.9119258;-3.4484754;-3.2507586;-7.856307;-8.374912;0.10406214;1.5860023;3.6743877;58512;100614;32482608
-9.854448;2.4389153;-2.333226;0.7004685;-0.6751607;-1.3534356;0.1702813;0.10667329;-0.39525527;-1.4634881;2.3102803;-3.7307737;-2.8147786;-2.9256668;-2.84025;-3.526495;-1.7900894;-2.2111578;-2.9119258;-3.4484754;-3.2507586;-7.856307;-8.374912;-0.04158037;1.5860023;3.6743877;69491;100614;32569454
-9.854448;2.4389153;-2.333226;0.7004685;-0.6751607;-1.3534356;0.024638796;0.10667329;-0.5408073;-1.4634881;2.3102803;-3.7307737;-2.8147786;-2.9256668;-2.9858022;-3.6721375;-1.9357319;-2.2111578;-2.9119258;-3.4484754;-3.2507586;-7.856307;-8.229361;0.10406214;1.7315544;3.6743877;61363;100614;32641759
-9.854448;2.5843768;-2.333226;0.7004685;-0.6751607;-1.3534356;0.024638796;0.10667329;-0.5407169;-1.4634881;2.1648188;-3.7307737;-2.8147786;-2.9256668;-2.84025;-3.6721375;-1.9357319;-2.2111578;-2.9119258;-3.4484754;-3.2507586;-7.856307;-8.374912;0.10406214;1.5860023;3.5289261;67925;100614;32726308
-9.854448;2.4389153;-2.333226;0.7004685;-0.6751607;-1.3534356;0.024638796;0.10667329;-0.39525527;-1.4634881;2.3102803;-3.7307737;-2.8147786;-2.9256668;-2.84025;-3.6721375;-1.9357319;-1.9204153;-2.9119258;-3.4484754;-3.2507586;-8.14705;-8.374912;0.10406214;1.5860023;3.6743877;53436;100614;32794673
-9.854448;2.4389153;-2.333226;0.7004685;-0.52987975;-1.3534356;0.024638796;0.10667329;-0.39525527;-1.4634881;2.3102803;-3.7307737;-2.9600596;-2.9256668;-2.84025;-3.6721375;-1.9357319;-2.2111578;-2.9119258;-3.4484754;-3.2507586;-7.856307;-8.374912;0.10406214;1.5860023;3.6743877;77981;100614;33086930
-9.709258;2.4389153;-2.333226;0.7004685;-0.6751607;-1.3534356;0.024638796;0.10667329;-0.39525527;-1.4634881;2.3102803;-3.7307737;-2.8147786;-2.9256668;-2.84025;-3.8173282;-1.9357319;-2.3563485;-2.9119258;-3.4484754;-3.3959494;-7.856307;-8.374912;0.10406214;1.5860023;3.6743877;94882;100614;33450032
-9.854448;2.5840158;-2.333226;0.7004685;-0.6751607;-1.3534356;0.024638796;0.10667329;-0.39525527;-1.4634881;2.3102803;-3.7307737;-2.8147786;-2.9256668;-2.84025;-3.817238;-1.9357319;-2.2111578;-2.9119258;-3.4484754;-3.3958592;-7.856307;-8.374912;0.24916263;1.5860023;3.6743877;72324;100614;33713699
-9.854448;2.4389153;-2.333226;0.7004685;-0.82017106;-1.3534356;0.024638796;0.10667329;-0.39525527;-1.6084985;2.4552906;-3.7307737;-2.8147786;-2.9256668;-2.84025;-3.6721375;-1.7907215;-2.2111578;-2.9119258;-3.4484754;-3.2507586;-7.856307;-8.374912;0.10406214;1.5860023;3.6743877;64970;100614;33795331
-9.854448;2.4389153;-2.4781463;0.7004685;-0.6751607;-1.3534356;0.024638796;0.10667329;-0.39525527;-1.4634881;2.3102803;-3.7307737;-2.8147786;-2.9256668;-2.84025;-3.6721375;-1.9357319;-2.3560781;-2.9119258;-3.5933957;-3.2507586;-7.856307;-8.374912;0.10406214;1.5860023;3.5294673;82996;100614;34108174
-9.709619;2.4389153;-2.333226;0.7004685;-0.6751607;-1.4982659;0.024638796;0.10667329;-0.39525527;-1.3186579;2.3102803;-3.7307737;-2.8147786;-2.9256668;-2.84025;-3.6721375;-1.7909017;-2.2111578;-2.9119258;-3.4484754;-3.2507586;-7.856307;-8.374912;0.10406214;1.5860023;3.6743877;56295;100614;34181312
-9.854448;2.4389153;-2.333226;0.7004685;-0.6751607;-1.3534356;0.16937897;0.10667329;-0.39525527;-1.4634881;2.3102803;-3.8755138;-2.8147786;-2.9256668;-2.84025;-3.6721375;-1.7909917;-2.2111578;-2.9119258;-3.4484754;-3.2507586;-7.856307;-8.374912;-0.04067803;1.5860023;3.6743877;49188;100614;34245295
-9.854448;2.4389153;-2.333226;0.7004685;-0.6751607;-1.4980859;-0.12001143;0.10667329;-0.39525527;-1.4634881;2.3102803;-3.7307737;-2.8147786;-2.9256668;-2.84025;-3.6721375;-1.9357319;-2.2111578;-2.9119258;-3.4484754;-3.2507586;-7.856307;-8.374912;0.10406214;1.5860023;3.6743877;69505;100614;34332369
-9.854448;2.4389153;-2.333226;0.7004685;-0.6751607;-1.3534356;0.024638796;0.10667329;-0.39525527;-1.4634881;2.4548407;-3.7307737;-2.959339;-2.9256668;-2.84025;-3.6721375;-1.9357319;-2.2111578;-2.9119258;-3.303915;-3.2507586;-7.856307;-8.230352;0.10406214;1.5860023;3.6743877;53616;100614;34401822
-9.854448;2.4389153;-2.1887555;0.7004685;-0.6751607;-1.3534356;0.024638796;0.10667329;-0.39525527;-1.4634881;2.3102803;-3.7307737;-2.5258377;-2.7811964;-2.84025;-3.6721375;-1.9357319;-2.2111578;-2.9119258;-3.4484754;-3.2507586;-7.856307;-8.374912;0.10406214;1.5860023;3.6743877;21885;100614;34428500
-9.854448;2.4389153;-2.333226;0.7004685;-0.6751607;-1.3534356;0.16901946;0.10667329;-0.39525527;-1.4634881;2.3102803;-3.7307737;-2.8147786;-2.9256668;-2.84025;-3.6721375;-2.0801125;-2.2111578;-2.9119258;-3.592856;-3.2507586;-7.7119265;-8.374912;0.10406214;1.5860023;3.6743877;57806;100614;34641765
-9.854448;2.5832062;-2.333226;0.7004685;-0.6751607;-1.4977266;0.024638796;0.25096422;-0.39525527;-1.4634881;2.3102803;-3.7307737;-2.8147786;-2.9256668;-2.84025;-3.6721375;-1.9357319;-2.2111578;-2.9119258;-3.4484754;-3.2507586;-7.856307;-8.374912;0.10406214;1.4417114;3.6743877;71612;100614;34737806
-9.854448;2.5831165;-2.333226;0.7004685;-0.5309595;-1.3534356;0.024638796;0.25087452;-0.39525527;-1.4634881;2.3102803;-3.7307737;-2.8147786;-2.9256668;-2.84025;-3.6721375;-1.9357319;-2.355359;-2.9119258;-3.4484754;-3.2507586;-7.856307;-8.374912;0.10406214;1.5860023;3.6743877;67360;100614;34823168
-9.854448;2.2948036;-2.333226;0.7004685;-0.6751607;-1.3534356;0.024638796;0.10667329;-0.39525527;-1.4634881;2.3102803;-3.7307737;-2.670667;-2.9256668;-2.84025;-3.6721375;-1.7916203;-2.2111578;-2.9119258;-3.4484754;-3.2507586;-7.7121954;-8.374912;0.10406214;1.5860023;3.6743877;40553;100614;34873455
-9.854448;2.4389153;-2.333226;0.5564465;-0.6751607;-1.3534356;0.024638796;0.10667329;-0.39525527;-1.4634881;2.3102803;-3.7307737;-2.8147786;-2.9256668;-2.552206;-3.6721375;-1.9357319;-2.2111578;-2.9119258;-3.4484754;-3.2507586;-8.000329;-8.374912;0.10406214;1.5860023;3.6743877;69724;100614;34964571
-9.854448;2.4389153;-2.333226;0.7004685;-0.6751607;-1.3534356;0.024638796;0.25060573;-0.39525527;-1.4634881;2.3102803;-3.7307737;-2.6708462;-2.7817345;-2.84025;-3.6721375;-1.9357319;-2.2111578;-2.9119258;-3.4484754;-3.394691;-7.856307;-8.374912;0.10406214;1.5860023;3.6743877;83897;100614;35272572
-9.854448;2.4389153;-2.333226;0.7004685;-0.6751607;-1.3534356;0.024638796;0.10667329;-0.39525527;-1.4634881;2.3102803;-3.7307737;-2.8147786;-2.7818239;-2.696407;-3.6721375;-1.9357319;-2.2111578;-2.7680829;-3.4484754;-3.3946016;-7.856307;-8.374912;0.10406214;1.5860023;3.6743877;70536;100614;35363178
-9.854448;2.4389153;-2.333226;0.7004685;-0.81891423;-1.3534356;0.024638796;0.10667329;-0.25150177;-1.4634881;2.3102803;-3.7307737;-2.8147786;-3.0694203;-2.84025;-3.6721375;-1.9357319;-2.2111578;-2.9119258;-3.3047218;-3.2507586;-7.856307;-8.374912;0.10406214;1.5860023;3.6743877;33007;100614;35403654
-9.854448;2.4389153;-2.333226;0.7004685;-0.6751607;-1.3534356;0.024638796;0.10667329;-0.25159115;-1.4634881;2.3102803;-3.7307737;-2.8147786;-2.9256668;-2.84025;-3.5284734;-1.9357319;-2.354822;-2.9119258;-3.4484754;-3.2507586;-7.856307;-8.231248;0.10406214;1.5860023;3.6743877;37335;100614;35449785
-9.854448;2.2953405;-2.333226;0.7004685;-0.6751607;-1.3534356;0.024638796;0.10667329;-0.39525527;-1.4634881;2.3102803;-3.7307737;-2.9583533;-2.9256668;-2.84025;-3.6721375;-1.9357319;-2.2111578;-2.9119258;-3.4484754;-3.107184;-7.856307;-8.231338;0.10406214;1.5860023;3.6743877;71990;100614;35539622
-9.854448;2.4389153;-2.333226;0.7004685;-0.6751607;-1.3534356;0.024638796;0.10667329;-0.39525527;-1.4634881;2.3102803;-3.7307737;-2.8147786;-3.0691524;-2.84025;-3.6721375;-1.9357319;-2.0676723;-2.9119258;-3.4484754;-3.2507586;-7.856307;-8.231427;0.10406214;1.5860023;3.5309021;44934;100614;35593235
-9.854448;2.295519;-2.333226;0.7004685;-0.6751607;-1.3534356;0.024638796;0.10667329;-0.39525527;-1.4634881;2.3102803;-3.7307737;-2.6713824;-2.9256668;-2.84025;-3.6721375;-1.9357319;-2.354554;-2.9119258;-3.4484754;-3.2507586;-7.856307;-8.374912;0.10406214;1.4426061;3.6743877;60226;100614;35670270
-9.711142;2.4389153;-2.333226;0.7004685;-0.6751607;-1.3534356;0.024638796;0.10667329;-0.39525527;-1.4634881;2.3102803;-3.7307737;-2.8147786;-2.9256668;-2.983557;-3.6721375;-1.9357319;-2.0678508;-2.9119258;-3.5917823;-3.2507586;-7.856307;-8.374912;0.10406214;1.5860023;3.6743877;70770;100614;35935095
-9.997666;2.4389153;-2.333226;0.7004685;-0.6751607;-1.3534356;0.024638796;0.10667329;-0.39525527;-1.4634881;2.3102803;-3.7307737;-2.8147786;-2.9256668;-2.84025;-3.6721375;-1.9357319;-2.2111578;-2.9119258;-3.4484754;-3.2507586;-7.856307;-8.51813;0.10406214;1.2995665;3.6743877;67258;100614;36019655
-9.854448;2.4389153;-2.333226;0.7004685;-0.6751607;-1.3534356;0.024638796;0.24980213;-0.39525527;-1.3203592;2.3102803;-3.7307737;-2.9579074;-2.9256668;-2.84025;-3.6721375;-1.9357319;-2.068029;-2.9119258;-3.4484754;-3.2507586;-7.856307;-8.374912;0.10406214;1.5860023;3.6743877;63229;100614;36096880
-9.854448;2.4389153;-2.333226;0.5574287;-0.6751607;-1.3534356;0.024638796;0.10667329;-0.39525527;-1.3204483;2.3102803;-3.7307737;-2.8147786;-2.9256668;-2.84025;-3.6721375;-1.9357319;-2.068118;-2.9119258;-3.4484754;-3.2507586;-7.7132673;-8.374912;0.10406214;1.5860023;3.6743877;63225;100614;36328470
-9.854448;2.4389153;-2.333226;0.7004685;-0.6751607;-1.3534356;0.1675896;0.10667329;-0.39525527;-1.4634881;2.3102803;-3.7307737;-2.8147786;-2.9256668;-2.84025;-3.5291867;-1.9357319;-2.2111578;-2.9119258;-3.734377;-3.2507586;-7.856307;-8.374912;0.10406214;1.5860023;3.6743877;57199;100614;36542168
-9.854448;2.581777;-2.333226;0.7004685;-0.6751607;-1.3534356;0.16750067;0.10667329;-0.5381171;-1.4634881;2.3102803;-3.7307737;-2.6719167;-2.9256668;-2.84025;-3.6721375;-1.9357319;-2.2111578;-2.9119258;-3.4484754;-3.2507586;-7.856307;-8.374912;0.10406214;1.5860023;3.6743877;53376;100614;36610476
-9.854448;2.4389153;-2.333226;0.7004685;-0.6751607;-1.3534356;0.024638796;0.10667329;-0.39525527;-1.3207151;2.3102803;-3.7307737;-2.8147786;-2.9256668;-2.697477;-3.6721375;-1.9357319;-2.2111578;-2.9119258;-3.4484754;-3.2507586;-7.713534;-8.517685;0.10406214;1.5860023;3.6743877;64779;100614;36858061
-9.854448;2.4389153;-2.333226;0.7004685;-0.6751607;-1.2107515;-0.11804536;0.24935745;-0.39525527;-1.4634881;2.3102803;-3.7307737;-2.8147786;-2.9256668;-2.84025;-3.6721375;-1.9357319;-2.2111578;-2.9119258;-3.4484754;-3.3934429;-7.856307;-8.374912;0.10406214;1.5860023;3.6743877;72472;100614;37128194
-9.854448;2.4389153;-2.333226;0.7004685;-0.6751607;-1.3534356;0.024638796;0.10667329;-0.2526599;-1.4634881;2.3102803;-3.7307737;-2.8147786;-2.9256668;-2.84025;-3.6721375;-1.9357319;-2.2111578;-2.7693305;-3.4484754;-3.2507586;-7.856307;-8.374912;0.10406214;1.5860023;3.6743877;57650;100614;37202457
-9.854448;2.4389153;-2.333226;0.7004685;-0.53265405;-1.3534356;0.024638796;0.10667329;-0.39525527;-1.4634881;2.3102803;-3.8732803;-2.8147786;-2.9256668;-2.84025;-3.6721375;-1.9357319;-2.2111578;-2.7694192;-3.4484754;-3.108252;-7.856307;-8.374912;0.10406214;1.5860023;3.6743877;56678;100614;37274576
-9.854448;2.4389153;-2.333226;0.5580505;-0.6751607;-1.4958535;0.024638796;0.10667329;-0.39525527;-1.4634881;2.3102803;-3.7307737;-2.8147786;-2.9256668;-2.84025;-3.6721375;-2.0781498;-2.2111578;-3.0543437;-3.4484754;-3.2507586;-7.856307;-8.374912;0.10406214;1.5860023;3.6743877;20828;100614;37299783
-9.854448;2.4389153;-2.1908967;0.7004685;-0.6751607;-1.495765;0.024638796;0.10667329;-0.39525527;-1.4634881;2.3102803;-3.7307737;-2.8147786;-3.067996;-2.84025;-3.6721375;-1.9357319;-2.2111578;-2.9119258;-3.4484754;-3.2507586;-7.856307;-8.374912;-0.03826718;1.5860023;3.6743877;73340;100614;37572693
-9.854448;2.2966745;-2.333226;0.7004685;-0.6751607;-1.3534356;0.024638796;0.10667329;-0.39525527;-1.4634881;2.3102803;-3.7307737;-2.8147786;-2.9256668;-2.84025;-3.6721375;-1.9357319;-2.2111578;-2.9119258;-3.3062346;-3.2507586;-7.7140665;-8.374912;0.10406214;1.5860023;3.532147;63739;100614;37653393
-9.854448;2.4389153;-2.333226;0.5583163;-0.6751607;-1.3534356;0.024638796;0.10667329;-0.39525527;-1.4634881;2.3102803;-3.7307737;-2.9569309;-2.9256668;-2.84025;-3.6721375;-2.0778842;-2.2111578;-2.9119258;-3.4484754;-3.2507586;-7.856307;-8.374912;0.10406214;1.4438502;3.6743877;37372;100614;37699853
-9.712384;2.4389153;-2.1911623;0.7004685;-0.6751607;-1.3534356;-0.117424935;0.10667329;-0.39525527;-1.4634881;2.3102803;-3.7307737;-2.8147786;-2.9256668;-2.84025;-3.6721375;-1.9357319;-2.2111578;-2.9119258;-3.4484754;-3.2507586;-7.856307;-8.374912;-0.03800159;1.5860023;3.6743877;65454;100614;37783781
-9.854448;2.4389153;-2.333226;0.7004685;-0.6751607;-1.3534356;0.024638796;0.24864858;-0.39525527;-1.4634881;2.3102803;-3.7307737;-2.6728032;-2.9256668;-2.84025;-3.6721375;-1.9357319;-2.3531332;-2.9119258;-3.4484754;-3.1087832;-7.856307;-8.374912;0.10406214;1.5860023;3.6743877;51433;100614;37847072
-9.854448;2.4389153;-2.333226;0.8423554;-0.6751607;-1.3534356;0.024638796;0.10667329;-0.53714216;-1.4634881;2.3102803;-3.7307737;-2.8147786;-2.9256668;-2.84025;-3.6721375;-1.9357319;-2.2111578;-2.9119258;-3.4484754;-3.2507586;-7.856307;-8.374912;0.10406214;1.5860023;3.6743877;54405;100614;38046023
-9.854448;2.4389153;-2.333226;0.7004685;-0.6751607;-1.3534356;0.024638796;0.24847189;-0.5370539;-1.4634881;2.3102803;-3.7307737;-2.8147786;-2.9256668;-2.84025;-3.6721375;-1.9357319;-2.2111578;-2.7701273;-3.5902739;-3.2507586;-7.856307;-8.374912;0.10406214;1.5860023;3.6743877;73483;100614;38318622
-9.854448;2.4389153;-2.1915157;0.7004685;-0.6751607;-1.3534356;0.024638796;0.10667329;-0.39525527;-1.4634881;2.3102803;-3.7307737;-2.9564888;-2.9256668;-2.84025;-3.8138478;-1.9357319;-2.2111578;-2.9119258;-3.4484754;-3.2507586;-7.7145967;-8.374912;0.10406214;1.5860023;3.6743877;46092;100614;38376781
-9.854448;2.4389153;-2.333226;0.7004685;-0.6751607;-1.3534356;0.024638796;0.10667329;-0.39525527;-1.321866;2.3102803;-3.7307737;-2.8147786;-2.9256668;-2.84025;-3.6721375;-1.7941098;-2.2111578;-3.0535479;-3.3068533;-3.2507586;-7.856307;-8.374912;0.10406214;1.5860023;3.6743877;50795;100614;38563029
-9.995982;2.4389153;-2.333226;0.7004685;-0.6751607;-1.3534356;0.024638796;0.10667329;-0.39525527;-1.4634881;2.3102803;-3.8723075;-2.8147786;-2.9256668;-2.84025;-3.6721375;-1.9357319;-2.2111578;-2.9119258;-3.4484754;-3.2507586;-7.856307;-8.374912;0.10406214;1.5860023;3.6743877;63865;100614;38643180
-9.854448;2.2974694;-2.333226;0.7004685;-0.81660646;-1.3534356;0.024638796;0.24811907;-0.39525527;-1.4634881;2.3102803;-3.7307737;-2.8147786;-2.9256668;-2.981696;-3.6721375;-1.9357319;-2.2111578;-2.9119258;-3.4484754;-3.2507586;-7.856307;-8.374912;0.10406214;1.5860023;3.6743877;41805;100614;38794921
-9.854448;2.4389153;-2.333226;0.7004685;-0.6751607;-1.3534356;0.16599649;0.10667329;-0.39525527;-1.4634881;2.3102803;-3.7307737;-2.8147786;-2.7843091;-2.84025;-3.6721375;-2.0770895;-2.0698001;-2.9119258;-3.4484754;-3.2507586;-7.856307;-8.374912;0.10406214;1.5860023;3.6743877;71109;100614;38883508
-9.854448;2.580185;-2.333226;0.5591988;-0.6751607;-1.3534356;0.024638796;0.24794295;-0.39525527;-1.4634881;2.3102803;-3.589504;-2.8147786;-2.9256668;-2.84025;-3.6721375;-1.9357319;-2.2111578;-2.9119258;-3.4484754;-3.2507586;-7.856307;-8.374912;0.10406214;1.5860023;3.6743877;67566;100614;38968695
-9.854448;2.4389153;-2.333226;0.8416502;-0.6751607;-1.3534356;-0.11654289;0.10667329;-0.39525527;-1.3223064;2.3102803;-3.7307737;-2.8147786;-2.9256668;-2.84025;-3.6721375;-1.9357319;-2.2111578;-2.9119258;-3.3072937;-3.2507586;-7.856307;-8.374912;0.10406214;1.5860023;3.6743877;79052;100614;39260007
-9.995543;2.4389153;-2.333226;0.55937475;-0.6751607;-1.3534356;0.024638796;0.10667329;-0.39525527;-1.4634881;2.3102803;-3.7307737;-2.8147786;-2.9256668;-2.84025;-3.6721375;-1.9357319;-2.2111578;-2.9119258;-3.4484754;-3.3918524;-7.856307;-8.516006;0.10406214;1.5860023;3.6743877;54506;100614;39461534
-9.854448;2.2979093;-2.333226;0.7004685;-0.6751607;-1.3534356;0.024638796;0.10667329;-0.53626114;-1.4634881;2.3102803;-3.7307737;-2.8147786;-2.9256668;-2.84025;-3.6721375;-1.9357319;-2.2111578;-2.9119258;-3.4484754;-3.2507586;-7.856307;-8.374912;0.10406214;1.7270082;3.5333817;62251;100614;39540677
-9.854448;2.4389153;-2.333226;0.7004685;-0.6751607;-1.3534356;0.024638796;0.10667329;-0.39525527;-1.3225701;2.3102803;-3.7307737;-2.9556966;-2.7847488;-2.699332;-3.6721375;-1.9357319;-2.2111578;-2.9119258;-3.4484754;-3.2507586;-7.856307;-8.374912;0.10406214;1.5860023;3.6743877;70408;100614;39628506
-9.854448;2.4389153;-2.333226;0.7004685;-0.6751607;-1.3534356;0.024638796;0.24750356;-0.39525527;-1.4634881;2.16945;-3.7307737;-2.8147786;-2.9256668;-2.84025;-3.6721375;-1.9357319;-2.351988;-2.9119258;-3.307645;-3.2507586;-7.856307;-8.374912;0.10406214;1.5860023;3.6743877;74677;100614;39722456
-9.854448;2.2981727;-2.333226;0.7004685;-0.6751607;-1.3534356;0.024638796;0.10667329;-0.39525527;-1.4634881;2.3102803;-3.7307737;-2.8147786;-2.9256668;-2.84025;-3.531395;-1.9357319;-2.2111578;-2.9119258;-3.4484754;-3.2507586;-7.856307;-8.23417;0.10406214;1.7267449;3.6743877;28906;100614;39758755
-9.854448;2.4389153;-2.333226;0.7004685;-0.6751607;-1.3534356;0.024638796;0.10667329;-0.39525527;-1.4634881;2.3102803;-3.7307737;-2.8147786;-2.785012;-2.9809048;-3.6721375;-1.795077;-2.2111578;-2.9119258;-3.4484754;-3.2507586;-7.856307;-8.374912;0.10406214;1.7266573;3.6743877;71790;100614;39846666
-9.854448;2.298348;-2.333226;0.7004685;-0.6751607;-1.3534356;0.024638796;0.10667329;-0.39525527;-1.4634881;2.3102803;-3.7307737;-2.8147786;-2.9256668;-2.84025;-3.6721375;-2.0762992;-2.2111578;-3.052493;-3.4484754;-3.2507586;-7.856307;-8.515479;0.10406214;1.5860023;3.6743877;30591;100614;39882691
-9.854448;2.4389153;-2.333226;0.84094816;-0.6751607;-1.3534356;0.024638796;0.10667329;-0.39525527;-1.4634881;2.3102803;-3.7307737;-2.8147786;-2.9256668;-2.84025;-3.6721375;-1.7952522;-2.2111578;-2.9119258;-3.4484754;-3.2507586;-7.856307;-8.374912;-0.036417525;1.5860023;3.5339081;36919;100614;39926368
-9.854448;2.4389153;-2.333226;0.7004685;-0.6751607;-1.3534356;0.024638796;0.24706542;-0.39525527;-1.4634881;2.3102803;-3.7307737;-2.8147786;-2.9256668;-2.84025;-3.5317454;-1.6549475;-2.2111578;-2.9119258;-3.4484754;-3.2507586;-7.856307;-8.374912;0.10406214;1.5860023;3.6743877;57032;100614;39999515
-9.854448;2.4389153;-2.333226;0.5601638;-0.6751607;-1.3534356;0.024638796;0.10667329;-0.39525527;-1.4634881;2.3102803;-3.7307737;-2.8147786;-2.9256668;-2.84025;-3.6721375;-1.9357319;-2.2111578;-2.9119258;-3.4484754;-3.2507586;-7.856307;-8.374912;0.10406214;1.4456977;3.9549968;71433;100614;40088336
-9.854448;2.298698;-2.4734433;0.7004685;-0.6751607;-1.2132185;0.024638796;0.10667329;-0.39525527;-1.4634881;2.3102803;-3.7307737;-2.8147786;-2.9256668;-2.84025;-3.6721375;-1.9357319;-2.2111578;-2.9119258;-3.4484754;-3.2507586;-7.856307;-8.374912;0.10406214;1.7262195;3.6743877;86169;100614;40405282
-9.854448;2.4389153;-2.333226;0.7004685;-0.6751607;-1.3534356;0.024638796;0.10667329;-0.39525527;-1.4634881;2.3102803;-3.7307737;-2.8147786;-2.785537;-2.84025;-3.6721375;-1.9357319;-2.071028;-2.9119258;-3.4484754;-3.2507586;-7.856307;-8.234782;0.10406214;1.5860023;3.534258;73229;100614;40496386
-9.854448;2.4389153;-2.4732685;0.7004685;-0.6751607;-1.3534356;-0.11540373;0.10667329;-0.39525527;-1.4634881;2.3102803;-3.7307737;-2.8147786;-2.9256668;-2.84025;-3.6721375;-1.9357319;-2.2111578;-2.9119258;-3.4484754;-3.3908012;-7.856307;-8.374912;0.10406214;1.5860023;3.5343451;69482;100614;40750189
-9.854448;2.29896;-2.333226;0.7004685;-0.6751607;-1.3534356;-0.11531645;0.10667329;-0.39525527;-1.4634881;2.3102803;-3.870729;-2.9547338;-2.9256668;-2.84025;-3.6721375;-1.9357319;-2.2111578;-2.9119258;-3.4484754;-3.2507586;-7.856307;-8.374912;0.10406214;1.5860023;3.6743877;77664;100614;41032801
-9.854448;2.4389153;-2.333226;0.7004685;-0.6751607;-1.3534356;0.024638796;-0.033194724;-0.5351233;-1.4634881;2.3102803;-3.8706417;-2.8147786;-2.9256668;-2.84025;-3.6721375;-1.9357319;-2.2111578;-2.9119258;-3.4484754;-3.2507586;-7.7164392;-8.374912;0.10406214;1.5860023;3.6743877;42280;100614;41087588
-9.854448;2.4389153;-2.1934452;0.7004685;-0.6751607;-1.3534356;0.024638796;0.10667329;-0.39525527;-1.4634881;2.3102803;-3.7307737;-2.8147786;-2.9256668;-2.9800308;-3.6721375;-1.9357319;-2.2111578;-2.9119258;-3.5882561;-3.110978;-7.856307;-8.374912;0.10406214;1.5860023;3.6743877;71743;100614;41177139
-9.714755;2.4389153;-2.333226;0.7004685;-0.6751607;-1.2137419;0.024638796;0.10667329;-0.39525527;-1.4634881;2.3102803;-3.7307737;-2.8147786;-2.9256668;-2.84025;-3.5324438;-1.9357319;-2.2111578;-2.9119258;-3.4484754;-3.2507586;-7.856307;-8.5146055;0.10406214;1.5860023;3.6743877;67420;100614;41436390
-9.854448;2.4389153;-2.333226;0.7004685;-0.6751607;-1.3534356;0.024638796;0.10667329;-0.39525527;-1.4634881;2.449887;-3.8703804;-2.8147786;-3.0652735;-2.84025;-3.6721375;-1.9357319;-2.2111578;-3.0515325;-3.4484754;-3.2507586;-7.856307;-8.374912;0.10406214;1.5860023;3.6743877;43795;100614;41490503
-9.854448;2.578435;-2.333226;0.7004685;-0.6751607;-1.3534356;0.024638796;0.10667329;-0.39525527;-1.4634881;2.3102803;-3.7307737;-2.8147786;-2.9256668;-2.7007303;-3.8116572;-1.9357319;-2.2111578;-2.9119258;-3.4484754;-3.2507586;-7.856307;-8.374912;0.24358174;1.5860023;3.6743877;14868;100614;41508679
-9.854448;2.578348;-2.4726586;0.7004685;-0.6751607;-1.3534356;0.024638796;0.10667329;-0.39525527;-1.4634881;2.3102803;-3.7307737;-2.8147786;-2.9256668;-2.84025;-3.6721375;-1.9357319;-2.2111578;-2.9119258;-3.4484754;-3.111326;-7.856307;-8.374912;0.10406214;1.725435;3.6743877;46894;100614;41570622
-9.854448;2.4389153;-2.4725716;0.7004685;-0.6751607;-1.4927813;0.024638796;0.10667329;-0.39525527;-1.4634881;2.3102803;-3.7307737;-2.8147786;-2.9256668;-2.84025;-3.8114831;-1.9357319;-2.2111578;-3.0512714;-3.4484754;-3.2507586;-7.856307;-8.374912;0.10406214;1.5860023;3.6743877;68181;100614;41817640
-9.854448;2.4389153;-2.333226;0.7004685;-0.6751607;-1.3534356;0.024638796;0.10667329;-0.39525527;-1.602747;2.1710215;-3.7307737;-2.8147786;-2.786408;-2.84025;-3.6721375;-1.9357319;-2.2111578;-2.9119258;-3.4484754;-3.2507586;-7.856307;-8.374912;0.10406214;1.7252612;3.6743877;67356;100614;41902001
-9.854448;2.4389153;-2.333226;0.83964044;-0.6751607;-1.3534356;0.024638796;0.10667329;-0.39525527;-1.4634881;2.3102803;-3.7307737;-2.8147786;-2.9256668;-2.701078;-3.8113096;-1.9357319;-2.2111578;-2.9119258;-3.4484754;-3.2507586;-7.856307;-8.374912;0.10406214;1.4468304;3.6743877;79501;100614;42198137
-9.854448;2.4389153;-2.333226;0.7004685;-0.6751607;-1.3534356;0.024638796;0.10667329;-0.39525527;-1.4634881;2.4493656;-3.869859;-2.8147786;-2.9256668;-2.84025;-3.6721375;-1.9357319;-2.2111578;-3.051011;-3.4484754;-3.2507586;-7.856307;-8.374912;0.10406214;1.5860023;3.813473;71749;100614;42288524
-9.854448;2.4389153;-2.333226;0.7004685;-0.6751607;-1.3534356;0.024638796;0.10667329;-0.25625682;-1.4634881;2.3102803;-3.7307737;-2.8147786;-2.6476698;-2.84025;-3.6721375;-2.0747304;-2.2111578;-2.9119258;-3.4484754;-3.2507586;-7.856307;-8.374912;0.10406214;1.5860023;3.6743877;68426;100614;42373774
-9.854448;2.4389153;-2.333226;0.7004685;-0.6751607;-1.3534356;0.024638796;0.10667329;-0.39525527;-1.4634881;2.3102803;-3.8696854;-2.8147786;-2.9256668;-2.7013383;-3.6721375;-1.9357319;-2.2111578;-2.9119258;-3.4484754;-3.2507586;-7.856307;-8.374912;0.10406214;1.5860023;3.6743877;64675;100614;42456154
-9.854448;2.30009;-2.333226;0.7004685;-0.6751607;-1.3534356;0.024638792;0.10667329;-0.39525527;-1.4634881;2.3102803;-3.7307737;-2.8147786;-2.9256668;-2.84025;-3.6721375;-1.9357319;-2.2111578;-2.9119258;-3.3096502;-3.2507586;-7.856307;-8.374912;0.10406214;1.5860023;3.6743877;40539;100614;42507152
-9.854448;2.4389153;-2.333226;0.7004685;-0.6751607;-1.3534356;0.024638796;0.10667329;-0.39525527;-1.4634881;2.3102803;-3.7307737;-2.8147786;-2.9256668;-2.7015114;-3.6721375;-1.9357319;-2.2111578;-2.7731872;-3.587214;-3.3894973;-7.856307;-8.374912;0.10406214;1.5860023;3.6743877;38481;100614;42555080
-9.854448;2.5775673;-2.333226;0.7004685;-0.6751607;-1.3534356;0.024638796;0.10667329;-0.39525527;-1.6021402;2.3102803;-3.7307737;-2.8147786;-2.9256668;-2.84025;-3.5334854;-1.9357319;-2.2111578;-2.9119258;-3.4484754;-3.2507586;-7.856307;-8.374912;0.24271417;1.5860023;3.6743877;74604;100614;42643487
-9.854448;2.4389153;-2.333226;0.56190294;-0.81372625;-1.3534356;0.024638796;0.10667329;-0.39525527;-1.4634881;2.1717148;-3.7307737;-2.8147786;-2.9256668;-2.84025;-3.6721375;-1.7971663;-2.2111578;-2.9119258;-3.4484754;-3.2507586;-7.856307;-8.374912;0.10406214;1.5860023;3.6743877;93344;100614;42997542
-9.992928;2.4389153;-2.333226;0.7004685;-0.6751607;-1.3534356;0.024638796;0.10667329;-0.39525527;-1.4634881;2.3102803;-3.7307737;-2.8147786;-2.9256668;-2.84025;-3.6721375;-1.9357319;-2.0726788;-3.0504048;-3.3099964;-3.2507586;-7.856307;-8.374912;0.10406214;1.5860023;3.6743877;60755;100614;43075216
-9.854448;2.4389153;-2.333226;0.7004685;-0.6751607;-1.3534356;0.024638796;0.10667329;-0.39525527;-1.6018808;2.1718876;-3.7307737;-2.8147786;-2.9256668;-2.84025;-3.6721375;-1.9357319;-2.2111578;-2.9119258;-3.586868;-3.2507586;-7.856307;-8.374912;0.10406214;1.5860023;3.535995;57491;100614;43149108
-9.854448;2.4389153;-2.333226;0.7004685;-0.6751607;-1.3534356;0.024638796;0.10667329;-0.39525527;-1.1868753;2.3102803;-3.7307737;-2.8147786;-2.9256668;-2.7019436;-3.6721375;-1.9357319;-2.2111578;-2.9119258;-3.4484754;-3.2507586;-7.856307;-8.374912;0.10406214;1.7243087;3.6743877;38444;100614;43194227
-9.854448;2.4389153;-2.333226;0.7004685;-0.53694063;-1.4916557;0.024638796;0.10667329;-0.53347534;-1.4634881;2.3102803;-3.7307737;-2.8147786;-2.9256668;-2.84025;-3.6721375;-1.9357319;-2.2111578;-2.9119258;-3.4484754;-3.2507586;-7.856307;-8.374912;0.24228224;1.5860023;3.6743877;74188;100614;43288057
-9.992582;2.4389153;-2.333226;0.7004685;-0.6751607;-1.3534356;0.024638796;-0.03146057;-0.2571214;-1.4634881;2.3102803;-3.7307737;-2.8147786;-2.9256668;-2.84025;-3.6721375;-1.9357319;-2.2111578;-2.9119258;-3.4484754;-3.2507586;-7.856307;-8.374912;0.242196;1.5860023;3.6743877;21916;100614;43314894
-9.854448;2.4389153;-2.333226;0.7004685;-0.6751607;-1.3534356;0.024638796;0.10667329;-0.39525527;-1.4634881;2.3102803;-3.7307737;-2.8147786;-2.9256668;-2.84025;-3.6721375;-1.7976842;-2.2111578;-2.9119258;-3.4484754;-3.2507586;-7.856307;-8.374912;-0.033985533;1.4479547;3.53634;98530;100614;43673865
-9.854448;2.4389153;-2.333226;0.83843;-0.6751607;-1.4913971;0.024638796;0.10667329;-0.39525527;-1.4634881;2.3102803;-3.7307737;-2.676817;-2.9256668;-2.84025;-3.6721375;-1.9357319;-2.2111578;-2.9119258;-3.3105137;-3.2507586;-7.856307;-8.374912;0.10406214;1.5860023;3.6743877;54063;100614;43872309
-9.854448;2.4389153;-2.333226;0.56259304;-0.6751607;-1.3534356;0.024638796;0.10667329;-0.39525527;-1.4634881;2.4481559;-3.7307737;-2.8147786;-2.9256668;-2.84025;-3.6721375;-1.9357319;-2.2111578;-2.9119258;-3.4484754;-3.2507586;-7.856307;-8.374912;0.10406214;1.5860023;3.6743877;73079;100614;43963922
-9.854448;2.4389153;-2.333226;0.7004685;-0.6751607;-1.3534356;0.024638796;0.10667329;-0.39525527;-1.4634881;2.1724908;-3.7307737;-2.8147786;-2.9256668;-2.84025;-3.534348;-1.9357319;-2.2111578;-2.9119258;-3.4484754;-3.2507586;-7.856307;-8.374912;0.10406214;1.5860023;3.6743877;83485;100614;44271300
-9.992151;2.4389153;-2.333226;0.56276506;-0.6751607;-1.3534356;0.024638796;0.10667329;-0.39525527;-1.4634881;2.3102803;-3.7307737;-2.8147786;-2.9256668;-2.84025;-3.6721375;-1.9357319;-2.2111578;-2.9119258;-3.4484754;-3.2507586;-7.856307;-8.374912;0.24176554;1.5860023;3.812091;47804;100614;44331342
-9.854448;2.4389153;-2.1956086;0.7004685;-0.8127782;-1.4910531;0.024638796;0.10667329;-0.39525527;-1.4634881;2.3102803;-3.7307737;-2.8147786;-2.9256668;-2.84025;-3.6721375;-1.9357319;-2.2111578;-2.9119258;-3.4484754;-3.2507586;-7.856307;-8.374912;0.10406214;1.7236198;3.6743877;34892;100614;44373998
-9.854448;2.4389153;-2.333226;0.7004685;-0.6751607;-1.3534356;0.024638796;0.10667329;-0.39525527;-1.4634881;2.3102803;-3.8683052;-2.8147786;-2.9256668;-2.84025;-3.6721375;-1.9357319;-2.2111578;-2.9119258;-3.4484754;-3.2507586;-7.856307;-8.374912;0.10406214;1.7235339;3.6743877;77241;100614;44658337
-9.854448;2.4389153;-2.333226;0.7004685;-0.6751607;-1.3534356;-0.11280693;0.10667329;-0.39525527;-1.4634881;2.3102803;-3.7307737;-2.8147786;-2.9256668;-2.84025;-3.6721375;-1.9357319;-2.2111578;-2.9119258;-3.4484754;-3.2507586;-7.856307;-8.374912;0.24150787;1.5860023;3.6743877;50106;100614;44722296
-9.854448;2.3015554;-2.333226;0.7004685;-0.6751607;-1.3534356;0.024638796;0.10667329;-0.39525527;-1.4634881;2.3102803;-3.8681335;-2.8147786;-2.9256668;-2.7028902;-3.6721375;-1.9357319;-2.2111578;-3.0492857;-3.4484754;-3.2507586;-7.856307;-8.374912;0.10406214;1.5860023;3.6743877;91749;100614;45062793
-9.854448;2.4389153;-2.333226;0.7004685;-0.6751607;-1.2161615;0.024638796;0.10667329;-0.39525527;-1.4634881;2.3102803;-3.7307737;-2.8147786;-2.9256668;-2.84025;-3.6721375;-1.9357319;-2.2111578;-2.9119258;-3.4484754;-3.2507586;-7.719033;-8.512186;0.10406214;1.7232765;3.6743877;67440;100614;45315185
-9.854448;2.1645384;-2.333226;0.7004685;-0.6751607;-1.2162472;0.024638796;-0.030515196;-0.39525527;-1.4634881;2.3102803;-3.7307737;-2.8147786;-2.9256668;-2.84025;-3.6721375;-1.9357319;-2.2111578;-2.9119258;-3.4484754;-3.2507586;-7.856307;-8.374912;0.10406214;1.5860023;3.6743877;85366;100614;45626992
-9.854448;2.4389153;-2.333226;0.8375713;-0.6751607;-1.3534356;0.024638796;0.10667329;-0.39525527;-1.4634881;2.3102803;-3.7307737;-2.8147786;-2.9256668;-2.84025;-3.8092403;-1.798629;-2.2111578;-2.9119258;-3.3113725;-3.2507586;-7.856307;-8.374912;0.10406214;1.5860023;3.6743877;69571;100614;45714059
-9.854448;2.4389153;-2.333226;0.7004685;-0.6751607;-1.3534356;0.024638796;0.10667329;-0.39525527;-1.4634881;2.4472976;-3.7307737;-2.9517958;-2.9256668;-2.84025;-3.6721375;-1.9357319;-2.348175;-2.7749085;-3.4484754;-3.2507586;-7.856307;-8.374912;0.10406214;1.5860023;3.6743877;67245;100614;45795908
-9.854448;2.4389153;-2.333226;0.7004685;-0.6751607;-1.3534356;0.024638796;0.10667329;-0.39525527;-1.4634881;2.3102803;-3.7307737;-2.8147786;-2.9256668;-2.84025;-3.6721375;-1.9357319;-2.2111578;-2.9119258;-3.4484754;-3.3876903;-7.856307;-8.374912;0.10406214;1.5860023;3.8113194;73506;100614;45881932
-9.854448;2.4389153;-2.333226;0.7004685;-0.6751607;-1.4902818;0.024638796;0.10667329;-0.53210145;-1.4634881;2.3102803;-3.7307737;-2.8147786;-2.9256668;-2.84025;-3.6721375;-1.9357319;-2.2111578;-2.9119258;-3.4484754;-3.1139123;-7.856307;-8.374912;0.10406214;1.5860023;3.811234;90657;100614;46216584
-9.854448;2.4389153;-2.333226;0.7004685;-0.5384;-1.3534356;0.024638796;0.10667329;-0.39525527;-1.4634881;2.3102803;-3.7307737;-2.8147786;-2.9256668;-2.84025;-3.6721375;-1.9357319;-2.3479185;-3.0486865;-3.4484754;-3.113998;-7.856307;-8.374912;0.10406214;1.5860023;3.6743877;43736;100614;46270699
-9.854448;2.4389153;-2.333226;0.7004685;-0.53848535;-1.3534356;0.024638796;0.10667329;-0.39525527;-1.4634881;2.3102803;-3.7307737;-2.8147786;-2.9256668;-2.9769254;-3.6721375;-1.9357319;-2.2111578;-3.0486012;-3.4484754;-3.2507586;-7.856307;-8.374912;0.24073747;1.5860023;3.6743877;54966;100614;46476366
-9.854448;2.5755053;-2.333226;0.8370585;-0.6751607;-1.3534356;0.024638796;0.10667329;-0.39525527;-1.4634881;2.3102803;-3.7307737;-2.8147786;-2.9256668;-2.84025;-3.5355475;-1.9357319;-2.2111578;-3.0485158;-3.4484754;-3.2507586;-7.856307;-8.374912;0.10406214;1.5860023;3.6743877;66494;100614;46559742
-9.990953;2.4389153;-2.333226;0.7004685;-0.6751607;-1.3534356;0.16114347;0.10667329;-0.39525527;-1.4634881;2.3102803;-3.7307737;-2.8147786;-3.0621715;-2.84025;-3.6721375;-1.9357319;-2.2111578;-2.9119258;-3.4484754;-3.2507586;-7.856307;-8.374912;0.10406214;1.5860023;3.537883;53736;100614;46757108
-9.854448;2.4389153;-2.333226;0.7004685;-0.6751607;-1.3534356;0.16105822;0.10667329;-0.39525527;-1.4634881;2.3102803;-3.7307737;-2.8147786;-2.9256668;-2.84025;-3.6721375;-1.9357319;-2.2111578;-2.9119258;-3.4484754;-3.2507586;-7.856307;-8.374912;0.10406214;1.7224218;3.6743877;54339;100614;46822292
-9.854448;2.4389153;-2.333226;0.7004685;-0.6751607;-1.3534356;0.024638796;-0.029660912;-0.39525527;-1.4634881;2.3102803;-3.7307737;-2.5421102;-2.9256668;-2.84025;-3.6721375;-2.072066;-2.2111578;-2.9119258;-3.4484754;-3.2507586;-7.856307;-8.374912;0.10406214;1.5860023;3.6743877;50361;100614;46884105
-9.854448;2.4389153;-2.333226;0.7004685;-0.53891164;-1.3534356;0.024638796;-0.029575754;-0.39525527;-1.4634881;2.3102803;-3.7307737;-2.8147786;-2.9256668;-2.84025;-3.6721375;-2.071981;-2.0749087;-2.9119258;-3.4484754;-3.2507586;-7.856307;-8.374912;0.10406214;1.5860023;3.6743877;70645;100614;46969995
-9.854448;2.3027513;-2.333226;0.7004685;-0.6751607;-1.2172717;0.024638796;0.10667329;-0.39525527;-1.4634881;2.3102803;-3.7307737;-2.8147786;-2.9256668;-2.84025;-3.6721375;-1.9357319;-2.2111578;-2.9119258;-3.5846393;-3.2507586;-7.856307;-8.374912;0.10406214;1.4498384;3.6743877;64670;100614;47209788
-9.854448;2.3028364;-2.333226;0.7004685;-0.6751607;-1.3534356;0.024638796;0.10667329;-0.39525527;-1.4634881;2.3102803;-3.5946949;-2.8147786;-2.9256668;-2.84025;-3.5360587;-1.9357319;-2.2111578;-2.9119258;-3.4484754;-3.2507586;-7.856307;-8.374912;0.10406214;1.4499235;3.6743877;73797;100614;47478455
